symbol,name,address,sector,industry,full_time_employees,description,total_esg_risk_score,environment_risk_score,governance_risk_score,social_risk_score,controversy_level,controversy_score,esg_risk_percentile,esg_risk_level,avg_esg_score,esg_score_variance,company_size,high_controversy
ENPH,"Enphase Energy, Inc.","47281 Bayside Parkway
Fremont, CA 94538
United States",Technology,Solar,3157.0,"Enphase Energy, Inc., together with its subsidiaries, designs, develops, manufactures, and sells home energy solutions for the solar photovoltaic industry in the United States and internationally. The company offers semiconductor-based microinverter, which converts energy at the individual solar module level and combines with its proprietary networking and software technologies to provide energy monitoring and control. It also provides microinverter units and related accessories, an IQ gateway; IQ batteries; the cloud-based Enlighten monitoring service; storage solutions; and electric vehicle charging solutions, as well as design, proposal, permitting, and lead generation services. The company sells its solutions to solar distributors; and directly to large installers, original equipment manufacturers, strategic partners, and homeowners, as well as through its legacy product upgrade program or online store. Enphase Energy, Inc. was incorporated in 2006 and is headquartered in Fremont, California.",21.05,4.05,6.1,8.9,Unknown,2.0,,Unknown,6.349999999999999,5.927500000000002,Large,0
EMN,Eastman Chemical Company,"200 South Wilcox Drive
Kingsport, TN 37662
United States",Basic Materials,Specialty Chemicals,14000.0,"Eastman Chemical Company operates as a specialty materials company in the United States, China, and internationally. The company's Additives & Functional Products segment offers amine derivative-based building blocks, intermediates for surfactants, metam-based soil fumigants, and organic acid-based solutions; specialty coalescent and solvents, paint additives, and specialty polymers; and heat transfer and aviation fluids. It serves transportation, personal care, wellness, food, feed, agriculture, building and construction, water treatment, energy, consumables, durables, and electronics markets. Its Advanced Materials segment provides copolyesters, cellulosic biopolymers, cellulose esters, polyvinyl butyral sheets, and window and protective films for value-added end uses in the transportation, durables, electronics, building and construction, medical and pharma, and consumables markets. The company's Chemical Intermediates segment offers olefin and acetyl derivatives, ethylene, and commodity solvents; and primary non-phthalate and phthalate plasticizers, and niche non-phthalate plasticizers for industrial chemicals and processing, building and construction, health and wellness, and food and feed. Its Fibers segment provides cellulose acetate tow, triacetin, cellulose acetate flake, acetic acid, and acetic anhydride for use in filtration media primarily cigarette filters; natural and solution dyed acetate yarns, and staple fiber for use in consumables, and health and wellness markets; and wet-laid nonwoven media, specialty and engineered papers, and cellulose acetate fibers for transportation, industrial, agriculture and mining, and aerospace markets. The company was founded in 1920 and is headquartered in Kingsport, Tennessee.",25.3,12.8,6.6,5.8,Moderate Controversy Level,2.0,,Medium,8.4,14.680000000000003,Enterprise,0
DPZ,Domino's Pizza Inc.,"30 Frank Lloyd Wright Drive
Ann Arbor, MI 48105
United States",Consumer Cyclical,Restaurants,6500.0,"Domino's Pizza, Inc., through its subsidiaries, operates as a pizza company in the United States and internationally. The company operates through three segments: U.S. Stores, International Franchise, and Supply Chain. It offers pizzas under the Domino's brand name through company-owned and franchised stores. It also provides oven-baked sandwiches, pastas, boneless chicken and chicken wings, breads and dips, desserts, and soft drink products, as well as loaded tots and pepperoni stuffed cheesy breads. Domino's Pizza, Inc. was founded in 1960 and is headquartered in Ann Arbor, Michigan.",29.2,10.6,6.3,12.2,Moderate Controversy Level,2.0,,Medium,9.7,9.309999999999999,Large,0
DAY,"Dayforce, Inc.","3311 East Old Shakopee Road
Minneapolis, MN 55425
United States",Technology,Software - Application,9084.0,"Dayforce Inc., together with its subsidiaries, operates as a human capital management (HCM) software company in the United States, Canada, and internationally. It offers Dayforce, a cloud HCM platform that provides human resources, payroll and tax, workforce management, wallet, benefits, and talent intelligence functionalities; and Powerpay, a cloud HR and payroll solution for the small business market. The company also provides payroll and payroll-related services; and implementation and professional services. It sells its solutions through direct sales force and third-party channels. The company was formerly known as Ceridian HCM Holding Inc. and changed its name to Dayforce Inc. in February 2024. Dayforce Inc. was founded in 1992 and is headquartered in Minneapolis, Minnesota.",21.05,4.05,6.1,8.9,Unknown,2.0,,Unknown,6.349999999999999,5.927500000000002,Large,0
DVA,Davita Inc.,"2000 16th Street
Denver, CO 80202
United States",Healthcare,Medical Care Facilities,70000.0,"DaVita Inc. provides kidney dialysis services for patients suffering from chronic kidney failure in the United States. The company operates kidney dialysis centers and provides related lab services in outpatient dialysis centers. It also offers outpatient, hospital inpatient, and home-based hemodialysis services; operates clinical laboratories that provide routine laboratory tests for dialysis and other physician-prescribed laboratory tests for ESRD patients; and management and administrative services to outpatient dialysis centers. In addition, the company offers integrated care and disease management services to patients in risk-based and other integrated care arrangements; clinical research programs; physician services; and comprehensive kidney care services. Further, it engages in the provision of acute inpatient dialysis services and related laboratory services; and transplant software business. The company was formerly known as DaVita HealthCare Partners Inc. and changed its name to DaVita Inc. in September 2016. DaVita Inc. was incorporated in 1994 and is headquartered in Denver, Colorado.",22.6,0.1,8.4,14.1,Moderate Controversy Level,2.0,,Medium,7.533333333333334,49.56333333333334,Enterprise,0
DRI,"Darden Restaurants, Inc.","1000 Darden Center Drive
Orlando, FL 32837
United States",Consumer Cyclical,Restaurants,187384.0,"Darden Restaurants, Inc., together with its subsidiaries, owns and operates full-service restaurants in the United States and Canada. It operates under Olive Garden, LongHorn Steakhouse, Cheddar's Scratch Kitchen, Yard House, The Capital Grille, Seasons 52, Bahama Breeze, Eddie V's Prime Seafood, and Capital Burger brand names. Darden Restaurants, Inc. was incorporated in 1995 and is based in Orlando, Florida.",27.5,7.9,4.6,15.0,Moderate Controversy Level,2.0,,Medium,9.166666666666666,28.243333333333332,Enterprise,0
ZTS,Zoetis Inc.,"10 Sylvan Way
Parsippany, NJ 07054
United States",Healthcare,Drug Manufacturers - Specialty & Generic,14100.0,"Zoetis Inc. engages in the discovery, development, manufacture, and commercialization of animal health medicines, vaccines, and diagnostic products and services in the United States and internationally. The company commercializes products primarily across species, including livestock, such as cattle, swine, poultry, fish, and sheep and others; and companion animals comprising dogs, cats, and horses. It also offers parasiticides, vaccines, dermatology, other pharmaceutical, anti-infectives, animal health diagnostics, and medicated feed additives. In addition, the company provides animal health diagnostics, including point-of-care diagnostic products, instruments and reagents, rapid immunoassay tests, reference laboratory kits and services, and blood glucose monitors; and other non-pharmaceutical products, which include nutritionals, as well as products and services in biodevices, genetic tests, and precision animal health. It markets its products to veterinarians, livestock producers, and pet owners. The company has collaboration Blacksmith Medicines, Inc. to discover and develop novel antibiotics for animal health. Zoetis Inc. was founded in 1952 and is headquartered in Parsippany, New Jersey.",18.8,3.2,8.7,6.8,Moderate Controversy Level,2.0,,Low,6.233333333333333,7.803333333333331,Enterprise,0
ZBH,"Zimmer Biomet Holdings, Inc.","345 East Main Street
Warsaw, IN 46580
United States",Healthcare,Medical Devices,18000.0,"Zimmer Biomet Holdings, Inc., together with its subsidiaries, operates as a medical technology company worldwide. The company designs, manufactures, and markets orthopedic reconstructive products, such as knee and hip products; S.E.T. products, including sports medicine, biologics, foot and ankle, extremities, and trauma products; craniomaxillofacial and thoracic products comprising face and skull reconstruction products, as well as products that fixate and stabilize the bones of the chest to facilitate healing or reconstruction after open heart surgery, trauma, or for deformities of the chest. It also offers robotic, surgical, and bone cement products. The company's products and solutions are used to treat patients suffering from disorders of, or injuries to, bones, joints, or supporting soft tissues. It serves orthopedic surgeons, neurosurgeons, hospitals, stocking distributors, healthcare dealers, and other specialists, as well as agents, healthcare purchasing organizations, or buying groups. The company was formerly known as Zimmer Holdings, Inc. and changed its name to Zimmer Biomet Holdings, Inc. in June 2015. Zimmer Biomet Holdings, Inc. was founded in 1927 and is headquartered in Warsaw, Indiana.",26.0,3.6,7.9,14.5,Moderate Controversy Level,2.0,,Medium,8.666666666666666,30.143333333333334,Enterprise,0
ZBRA,Zebra Technologies Corporation,"3 Overlook Point
Lincolnshire, IL 60069
United States",Technology,Communication Equipment,9750.0,"Zebra Technologies Corporation, together with its subsidiaries, provides enterprise asset intelligence solutions in the automatic identification and data capture solutions industry worldwide. It operates in two segments, Asset Intelligence & Tracking, and Enterprise Visibility & Mobility. The company designs, manufactures, and sells printers that produce labels, wristbands, tickets, receipts, and plastic cards; dye-sublimination thermal card printers that produce images, which are used for personal identification, access control, and financial transactions; radio frequency identification device (RFID) printers that encode data into passive RFID transponders; accessories and options for printers, including carrying cases, vehicle mounts, and battery chargers; stock and customized thermal labels, receipts, ribbons, plastic cards, and RFID tags for printers; and temperature-monitoring labels primarily used in vaccine distribution. It also provides various maintenance, technical support, repair, and managed and professional services; fixed readers, RFID enabled mobile computers, and RFID sleds; tags, sensors, exciters, middleware software, and application software; and physical inventory management solutions, and rugged and enterprise-grade mobile computing products and accessories, as well as real-time location systems and services. In addition, the company offers barcode scanners and imagers, RFID readers, industrial machine vision cameras, and fixed industrial scanners; workforce management, workflow execution and task management, and prescriptive analytics, as well as communications and collaboration solutions; and cloud-based software subscriptions, retail, and robotics automation solutions. The company serves retail and e-commerce, manufacturing, transportation and logistics, healthcare, public sector, and other industries through direct sales force, and network of channel partners. The company was founded in 1969 and is headquartered in Lincolnshire, Illinois.",21.05,4.05,6.1,8.9,Unknown,2.0,,Unknown,6.349999999999999,5.927500000000002,Large,0
YUM,"Yum! Brands, Inc.","1441 Gardiner Lane
Louisville, KY 40213
United States",Consumer Cyclical,Restaurants,35000.0,"Yum! Brands, Inc., together with its subsidiaries, develops, operates, and franchises quick service restaurants worldwide. The company operates through the KFC Division, the Taco Bell Division, the Pizza Hut Division, and the Habit Burger Grill Division segments. It also operates restaurants under the KFC, Pizza Hut, Taco Bell, and The Habit Burger Grill brands, which specialize in chicken, pizza, made-to-order chargrilled burgers, sandwiches, Mexican-style food categories, and other food products. The company was formerly known as TRICON Global Restaurants, Inc. and changed its name to Yum! Brands, Inc. in May 2002. Yum! Brands, Inc. was incorporated in 1997 and is headquartered in Louisville, Kentucky.",20.1,4.5,4.1,11.4,Moderate Controversy Level,2.0,,Medium,6.666666666666667,16.843333333333334,Enterprise,0
XEL,"Xcel Energy, Inc.","414 Nicollet Mall
Minneapolis, MN 55401
United States",Utilities,Utilities - Regulated Electric,11311.0,"Xcel Energy Inc., through its subsidiaries, engages in the generation, purchasing, transmission, distribution, and sale of electricity. It operates through Regulated Electric Utility, Regulated Natural Gas Utility, and All Other segments. The company generates electricity through wind, nuclear, hydroelectric, biomass, and solar energy sources, as well as coal, natural gas, oil, wood, and refuse-derived fuels. It also purchases, transports, distributes, and sells natural gas to retail customers, as well as transports customer-owned natural gas. In addition, the company develops and leases natural gas pipelines, and storage and compression facilities; and invests in rental housing projects and nonregulated assets, as well as procures equipment for the construction of renewable generation facilities. It serves residential, commercial, and industrial customers in the portions of Colorado, Michigan, Minnesota, New Mexico, North Dakota, South Dakota, Texas, and Wisconsin. The company was incorporated in 1909 and is headquartered in Minneapolis, Minnesota.",26.5,12.7,4.5,9.3,Moderate Controversy Level,2.0,,Medium,8.833333333333334,16.97333333333333,Enterprise,0
WYNN,Wynn Resorts Ltd,"3131 Las Vegas Boulevard South
Las Vegas, NV 89109
United States",Consumer Cyclical,Resorts & Casinos,27800.0,"Wynn Resorts, Limited designs, develops, and operates integrated resorts. The company operates through four segments: Wynn Palace, Wynn Macau, Las Vegas Operations, and Encore Boston Harbor. The Wynn Palace segment operates private gaming salons and sky casinos; a luxury hotel tower with suites, and villas, including a health club, spa, salon, and pool; food and beverage outlets; retail space; meeting and convention space; and performance lake and floral art displays. The Wynn Macau segment operates casino space with private gaming salons, sky casinos, and a poker room; a luxury hotel tower, that include health clubs, spas, a salon, and a pool; food and beverage outlets; retail space; meeting and convention space; and Chinese zodiac-inspired ceiling attractions. The Las Vegas Operations segment operates casino space with private gaming salons, a sky casino, a poker room, and a race and sports book; a luxury hotel tower with suites, and villas, including swimming pools, private cabanas, full-service spas and salons, and a wedding chapel; food and beverage outlets; meeting and convention space; retail space; and theaters, nightclubs, a beach club. The Encore Boston Harbor segment operates casino space with gaming areas, and a poker room; a luxury hotel tower including a spa and salon; food and beverage outlets and a nightclub; retail space; meeting and convention space; and a waterfront park, floral displays, and water shuttle service. Wynn Resorts, Limited was incorporated in 2002 and is based in Las Vegas, Nevada.",25.7,3.4,10.6,11.8,Moderate Controversy Level,2.0,,Medium,8.6,20.64,Enterprise,0
WTW,Willis Towers Watson Public Limited Companys,"51 Lime Street
London, EC3M 7DQ
United Kingdom",Financial Services,Insurance Brokers,48000.0,"Willis Towers Watson Public Limited Company operates as an advisory, broking, and solutions company worldwide. It operates through two segments: Health, Wealth & Career and Risk & Broking. The company offers strategy and design consulting, plan management service and support, broking and administration services for health, wellbeing, and other group benefit program, including medical, dental, disability, life, voluntary benefits and other coverages; actuarial support, plan design, and administrative services for pension and retirement savings plans; retirement consulting services and solutions; and integrated solutions that consists of investment discretionary management, pension administration, core actuarial, and communication and change management assistance services. It also provides advice, data, software, and products to address clients' total rewards and talent issues; and risk advice, insurance brokerage, and consulting services in the areas of property and casualty, affinity, risk and analytics, aerospace, construction, global markets direct & facultative, financial, executive and professional risks, financial solutions, crisis management, surety, marine, and natural resources. In addition, the company offers integrated solutions that consists of investment discretionary management, pension administration, core actuarial, and communication and change management assistance services; and software and technology, risk and capital management, products and product pricing, financial and regulatory reporting, financial and capital modeling, M&A, outsourcing, and business management services. The company was formerly known as Willis Group Holdings Public Limited Company and changed its name to Willis Towers Watson Public Limited Company in January 2016. Willis Towers Watson Public Limited Company was founded in 1828 and is based in London, the United Kingdom.",18.7,0.1,10.8,7.8,Moderate Controversy Level,2.0,,Low,6.233333333333333,30.46333333333334,Enterprise,0
WMB,Williams Companies Inc.,"One Williams Center
Tulsa, OK 74172
United States",Energy,Oil & Gas Midstream,5601.0,"The Williams Companies, Inc., together with its subsidiaries, operates as an energy infrastructure company primarily in the United States. It operates through Transmission & Gulf of Mexico, Northeast G&P, West, and Gas & NGL Marketing Services segments. The Transmission & Gulf of Mexico segment comprises natural gas pipelines; Transco, Northwest pipeline, MountainWest, and related natural gas storage facilities; and natural gas gathering and processing, and crude oil production handling and transportation assets in the Gulf Coast region. The Northeast G&P segment engages in the midstream gathering, processing, and fractionation activities in the Marcellus Shale region primarily in Pennsylvania and New York, and the Utica Shale region of eastern Ohio. The West segment consists of gas gathering, processing, and treating operations in the Rocky Mountain region of Colorado and Wyoming, the Barnett Shale region of north-central Texas, the Eagle Ford Shale region of South Texas, the Haynesville Shale region of northwest Louisiana, the Mid-Continent region that includes the Anadarko and Permian basins, and the DJ Basin of Colorado; and operates natural gas liquid (NGL) fractionation and storage facilities in central Kansas near Conway. The Gas & NGL Marketing Services segment provides wholesale marketing, trading, storage, and transportation of natural gas for natural gas utilities, municipalities, power generators, and producers; asset management services; and transports and markets NGLs. The company owns and operates 33,000 miles of pipelines. The Williams Companies, Inc. was founded in 1908 and is headquartered in Tulsa, Oklahoma.",21.8,8.7,3.0,10.1,Moderate Controversy Level,2.0,,Medium,7.266666666666666,14.14333333333333,Large,0
WY,Weyerhaeuser Company,"220 Occidental Avenue South
Seattle, WA 98104-7800
United States",Real Estate,Reit - Specialty,9300.0,"Weyerhaeuser Company, one of the world's largest private owners of timberlands, began operations in 1900. We own or control approximately 11 million acres of timberlands in the U.S. and manage additional timberlands under long-term licenses in Canada. We manage these timberlands on a sustainable basis in compliance with internationally recognized forestry standards. We are also one of the largest manufacturers of wood products in North America. Our company is a real estate investment trust. In 2022, we generated $10.2 billion in net sales and employed approximately 9,200 people who serve customers worldwide. Our common stock trades on the New York Stock Exchange under the symbol WY.",16.7,9.1,3.5,4.2,Moderate Controversy Level,2.0,,Low,5.6000000000000005,9.309999999999999,Large,0
WRK,Westrock Company,"1000 Abernathy Road NE
Atlanta, GA 30328
United States",Consumer Cyclical,Packaging & Containers,56100.0,"WestRock Company, together with its subsidiaries, provides fiber-based paper and packaging solutions in North America, South America, Europe, Asia, and Australia. It operates through four segments: Corrugated Packaging, Consumer Packaging, Global Paper, and Distribution. The Corrugated Packaging segment produces containerboards, corrugated sheets, corrugated packaging, and preprinted linerboards to consumer and industrial products manufacturers, and corrugated box manufacturers. It also provides structural and graphic design, engineering services and custom, and proprietary and standard automated packaging machines; turn-key installation, automation, line integration, and packaging solutions; machinery solution that creates pouches; and pack temporary displays, as well as lithographic laminated packaging products. The Consumer Packaging segment manufactures and sells folding cartons that are used to package food, paper, beverages, dairy products, confectionery, health and beauty, and other household consumer products, as well as express mail packages for the overnight courier industry. It also offers inserts and labels, as well as rigid packaging and other printed packaging products, such as transaction cards, brochures, product literature, marketing materials, and grower tags, and plant stakes; and paperboard packaging for over-the-counter and prescription drugs. In addition, this segment manufactures and sells solid fiber and corrugated partitions, and die-cut paperboard components. The Global Paper segment manufactures containerboard, paperboard, and specialty grades primarily to corrugated packaging, folding carton, food service, liquid packaging, tobacco, and commercial print markets. The Distribution segment distributes corrugated packaging materials and other specialty packaging products, including stretch films, void fills, carton sealing tapes, and other specialty tapes; and provides contract packing services. The company is based in Atlanta, Georgia.",21.05,4.05,6.1,8.9,Unknown,2.0,,Unknown,6.349999999999999,5.927500000000002,Enterprise,0
WDC,Western Digital Corp.,"5601 Great Oaks Parkway
Great Oaks
San Jose, CA 95119
United States",Technology,Computer Hardware,53000.0,"Western Digital Corporation develops, manufactures, and sells data storage devices and solutions in the United States, China, Hong Kong, Europe, the Middle East, Africa, rest of Asia, and internationally. It offers client devices, including hard disk drives (HDDs) and solid state drives (SSDs) for desktop and notebook personal computers (PCs), gaming consoles, and set top boxes; and flash-based embedded storage products for mobile phones, tablets, notebook PCs, and other portable and wearable devices, as well as automotive, Internet of Things, industrial, and connected home applications. The company also provides enterprise HDDs; enterprise SSDs consisting of flash-based SSDs and software solutions for use in enterprise servers, online transactions, data analysis, and other enterprise applications; and data storage platforms. In addition, it offers external HDD storage products in mobile and desktop form; client portable SSDs; removable cards that are used in consumer devices comprising mobile phones, tablets, imaging systems, and cameras and smart video systems; universal serial bus flash drives for use in the computing and consumer markets; and wireless drive products used in-field backup of created content, as well as wireless streaming of high-definition movies, photos, music, and documents to tablets, smartphones, and PCs. The company sells its products under the Western Digital, SanDisk, and WD brands to original equipment manufacturers, distributors, dealers, resellers, and retailers. Western Digital Corporation was founded in 1970 and is headquartered in San Jose, California.",11.4,1.5,6.1,3.9,Moderate Controversy Level,2.0,,Low,3.8333333333333335,5.293333333333333,Enterprise,0
WST,"West Pharmaceutical Services, Inc.","530 Herman O. West Drive
Exton, PA 19341-1147
United States",Healthcare,Medical Instruments & Supplies,10600.0,"West Pharmaceutical Services, Inc. designs, manufactures, and sells containment and delivery systems for injectable drugs and healthcare products in the Americas, Europe, the Middle East, Africa, and the Asia Pacific. It operates in two segments, Proprietary Products and Contract-Manufactured Products. The Proprietary Products segment offers stoppers and seals for injectable packaging systems; syringe and cartridge components, including custom solutions for the needs of injectable drug applications, as well as administration systems that enhance the safe delivery of drugs through advanced reconstitution, mixing, and transfer technologies; and films, coatings, washing, and vision inspection and sterilization processes and services to enhance the quality of packaging components. This segment also provides drug containment solutions, including Crystal Zenith, a cyclic olefin polymer in the form of vials, syringes, and cartridges; and self-injection devices; and a range of integrated solutions, including analytical lab services, pre-approval primary packaging support and engineering development, regulatory expertise, and after-sales technical support. This segment serves biologic, generic, and pharmaceutical drug companies. The Contract-Manufactured Products segment is involved in the design, manufacture, and automated assembly of devices used in surgical, diagnostic, ophthalmic, injectable, and other drug delivery systems, as well as consumer products. The company serves pharmaceutical, diagnostic, and medical device companies. It sells and distributes its products through its sales force and distribution network, contract sales agents, and regional distributors. West Pharmaceutical Services, Inc. was founded in 1923 and is headquartered in Exton, Pennsylvania.",21.05,4.05,6.1,8.9,Unknown,2.0,,Unknown,6.349999999999999,5.927500000000002,Enterprise,0
WAT,Waters Corp,"34 Maple Street
Milford, MA 01757
United States",Healthcare,Diagnostics & Research,7900.0,"Waters Corporation provides analytical workflow solutions in Asia, the Americas, and Europe. It operates through two segments: Waters and TA. The company designs, manufactures, sells, and services high and ultra-performance liquid chromatography, as well as mass spectrometry (MS) technology systems and support products, including chromatography columns, other consumable products, and post-warranty service plans. It also designs, manufactures, sells, and services thermal analysis, rheometry, and calorimetry instruments; and develops and supplies software-based products that interface with its instruments, as well as other manufacturers' instruments. In addition, the company offers MS technology instruments are used in drug discovery and development comprising clinical trial testing, the analysis of proteins in disease processes, nutritional safety analysis, and environmental testing. Further, the company provides thermal analysis, rheometry, and calorimetry instruments for use in predicting the suitability and stability of fine chemicals, pharmaceuticals, water, polymers, metals, and viscous liquids for various industrial, consumer good, and healthcare products, as well as for life science research. Its products are used by clinical, pharmaceutical, biochemical, industrial, nutritional safety, environmental, academic, and governmental customers working in research and development, quality assurance, and other laboratory applications. The company was founded in 1958 and is headquartered in Milford, Massachusetts.",14.6,1.4,5.1,8.2,None Controversy Level,2.0,,Low,4.8999999999999995,11.589999999999996,Large,0
WM,"Waste Management, Inc.","800 Capitol Street
Suite 3000
Houston, TX 77002
United States",Industrials,Waste Management,48000.0,"Waste Management, Inc., through its subsidiaries, engages in the provision of environmental solutions to residential, commercial, industrial, and municipal customers in the United States and Canada. It offers collection services, including picking up and transporting waste and recyclable materials from where it was generated to a transfer station, material recovery facility (MRF), or disposal site; and owns and operates transfer stations, as well as owns, develops, and operates landfill facilities that produce landfill gas used as renewable natural gas for generating electricity. As of December 31, 2022, the company owned or operated 254 solid waste landfills, five secure hazardous waste landfills, 97 MRFs, and 337 transfer stations. It also provides materials processing and commodities recycling services at its MRFs, where cardboard, paper, glass, metals, plastics, construction and demolition materials, and other recycling commodities are recovered for resale or redirected for other purposes; recycling brokerage services, such as managing the marketing of recyclable materials for third parties; and other strategic business solutions. In addition, the company offers construction and remediation services; services related with the disposal of fly ash, and residue generated from the combustion of coal and other fuel stocks; in-plant services comprising full-service waste management solutions and consulting services; and specialized disposal services for oil and gas exploration and production operations. The company was formerly known as USA Waste Services, Inc. and changed its name to Waste Management, Inc. in 1998. Waste Management, Inc. was incorporated in 1987 and is headquartered in Houston, Texas.",16.6,8.1,3.3,5.2,Moderate Controversy Level,2.0,,Low,5.533333333333334,5.843333333333333,Enterprise,0
WBD,"Warner Bros. Discovery, Inc. Series a","230 Park Avenue South
New York, NY 10003
United States",Communication Services,Entertainment,35300.0,"Warner Bros. Discovery, Inc. operates as a media and entertainment company worldwide. It operates through three segments: Studios, Network, and DTC. The Studios segment produces and releases feature films for initial exhibition in theaters; produces and licenses television programs to its networks and third parties and direct-to-consumer services; distributes films and television programs to various third parties and internal television; and offers streaming services and distribution through the home entertainment market, themed experience licensing, and interactive gaming. The Network segment comprises domestic and international television networks. The DTC segment offers premium pay-tv and streaming services. In addition, the company offers portfolio of content, brands, and franchises across television, film, streaming, and gaming under the Warner Bros. Motion Picture Group, Warner Bros. Television Group, DC, HBO, HBO Max, Max, Discovery Channel, discovery+, CNN, HGTV, Food Network, TNT Sports, TBS, TLC, OWN, Warner Bros. Games, Batman, Superman, Wonder Woman, Harry Potter, Looney Tunes, Hanna-Barbera, Game of Thrones, and The Lord of the Rings brands. Further, it provides content through distribution platforms, including linear network, free-to-air, and broadcast television; authenticated GO applications, digital distribution arrangements, content licensing arrangements, and direct-to-consumer subscription products. Warner Bros. Discovery, Inc. was incorporated in 2008 and is headquartered in New York, New York.",21.05,4.05,6.1,8.9,Unknown,2.0,,Unknown,6.349999999999999,5.927500000000002,Enterprise,0
WAB,Wabtec Inc.,"30 Isabella Street
Pittsburgh, PA 15212
United States",Industrials,Railroads,29000.0,"Westinghouse Air Brake Technologies Corporation, together with its subsidiaries, provides technology-based locomotives, equipment, systems, and services for the freight rail and passenger transit industries worldwide. It offers diesel-electric, battery, and liquid natural gas-powered locomotives; engines, electric motors, and propulsion systems; and marine and mining products. The company also offers positive train control equipment; pneumatic braking products; railway electronics; signal design and engineering services; distributed locomotive power, train cruise controls, and train remote controls; industrial/mobile Internet of Things hardware and software, edge-to-cloud, on and off-board analytics and rules, and asset performance management solutions; rail and shipper transportation management, and port visibility and optimization solutions; and network optimization solutions. In addition, it provides freight car trucks, braking equipment, and related components; air compressors and dryers; heat transfer components and systems; track and switch products; new commuter and switcher locomotives; and turbochargers. Further, the company offers freight locomotive overhauls, modernizations, and refurbishment services; locomotive and car maintenance; transit locomotive and car overhaul; unit exchange of locomotive components; and maintenance of way equipment and services. Additionally, it provides railway and freight braking equipment and related components; friction products, such as brake shoes, discs, and pads; heating, ventilation, and air conditioning equipment; access and platform screen doors; pantographs; auxiliary power converter and battery chargers; passenger information systems and closed-circuit television; signaling and railway electric relays; and doors, window assemblies, accessibility lifts, ramps, and electric charging solutions for buses. The company was founded in 1869 and is headquartered in Pittsburgh, Pennsylvania.",23.3,5.4,6.0,12.0,Moderate Controversy Level,2.0,,Medium,7.8,13.319999999999999,Enterprise,0
GWW,"W.W. Grainger, Inc.","100 Grainger Parkway
Lake Forest, IL 60045-5201
United States",Industrials,Industrial Distribution,23200.0,"W.W. Grainger, Inc., together with its subsidiaries, distributes maintenance, repair, and operating products and services primarily in North America, Japan, the United Kingdom, and internationally. The company operates through two segments, High-Touch Solutions N.A. and Endless Assortment. The company provides safety, security, material handling and storage equipment, pumps and plumbing equipment, cleaning and maintenance, and metalworking and hand tools. It also offers technical support and inventory management services. The company serves smaller businesses to large corporations, government entities, and other institutions, as well as commercial, healthcare, and manufacturing industries through sales and service representatives, and electronic and ecommerce channels. W.W. Grainger, Inc. was founded in 1927 and is headquartered in Lake Forest, Illinois.",16.0,4.5,5.9,5.6,Moderate Controversy Level,2.0,,Low,5.333333333333333,0.5433333333333334,Enterprise,0
VMC,Vulcan Materials Company,"1200 Urban Center Drive
Birmingham, AL 35242
United States",Basic Materials,Building Materials,10961.0,"Vulcan Materials Company, together with its subsidiaries, produces and supplies construction aggregates primarily in the United States. It operates through four segments: Aggregates, Asphalt, Concrete, and Calcium. The company provides crushed stones, sand and gravel, sand, and other aggregates; and related products and services that are applied in construction and maintenance of highways, streets, and other public works, as well as in the construction of housing and commercial, industrial, and other nonresidential facilities. It also offers asphalt mix and asphalt construction paving services; ready-mixed concrete; and calcium products for the animal feed, plastics, and water treatment industries. The company was formerly known as Virginia Holdco, Inc. and changed its name to Vulcan Materials Company. Vulcan Materials Company was founded in 1909 and is headquartered in Birmingham, Alabama.",29.3,13.4,9.1,6.8,Moderate Controversy Level,2.0,,Medium,9.766666666666666,11.223333333333336,Enterprise,0
VST,Vistra Corp.,"6555 Sierra Drive
Irving, TX 75039
United States",Utilities,Utilities - Independent Power Producers,4870.0,"Vistra Corp., together with its subsidiaries, operates as an integrated retail electricity and power generation company. The company operates through six segments: Retail, Texas, East, West, Sunset, and Asset Closure. It retails electricity and natural gas to residential, commercial, and industrial customers across states in the United States and the District of Columbia. In addition, the company is involved in the electricity generation, wholesale energy purchases and sales, commodity risk management, fuel production, and fuel logistics management activities. It serves approximately 5 million customers with a generation capacity of approximately 41,000 megawatts with a portfolio of natural gas, nuclear, coal, solar, and battery energy storage facilities. The company was formerly known as Vistra Energy Corp. and changed its name to Vistra Corp. in July 2020. Vistra Corp. was founded in 1882 and is based in Irving, Texas.",21.05,4.05,6.1,8.9,Unknown,2.0,,Unknown,6.349999999999999,5.927500000000002,Large,0
VICI,Vici Properties Inc.,"535 Madison Avenue
20th Floor
New York, NY 10022-2203
United States",Real Estate,Reit - Diversified,28.0,"VICI Properties Inc. is an S&P 500 experiential real estate investment trust that owns one of the largest portfolios of market-leading gaming, hospitality and entertainment destinations, including Caesars Palace Las Vegas, MGM Grand and the Venetian Resort Las Vegas, three of the most iconic entertainment facilities on the Las Vegas Strip. VICI Properties owns 93 experiential assets across a geographically diverse portfolio consisting of 54 gaming properties and 39 other experiential properties across the United States and Canada. The portfolio is comprised of approximately 127 million square feet and features approximately 60,300 hotel rooms and over 500 restaurants, bars, nightclubs and sportsbooks. Its properties are occupied by industry-leading gaming, leisure and hospitality operators under long-term, triple-net lease agreements. VICI Properties has a growing array of real estate and financing partnerships with leading operators in other experiential sectors, including Bowlero, Cabot, Canyon Ranch, Chelsea Piers, Great Wolf Resorts, Homefield, and Kalahari Resorts. VICI Properties also owns four championship golf courses and 33 acres of undeveloped and underdeveloped land adjacent to the Las Vegas Strip. VICI Properties' goal is to create the highest quality and most productive experiential real estate portfolio through a strategy of partnering with the highest quality experiential place makers and operators.",21.05,4.05,6.1,8.9,Unknown,2.0,,Unknown,6.349999999999999,5.927500000000002,Small,0
VTRS,Viatris Inc.,"1000 Mylan Boulevard
Canonsburg, PA 15317
United States",Healthcare,Drug Manufacturers - Specialty & Generic,33000.0,"Viatris Inc. operates as a healthcare company worldwide. The company operates in four segments: Developed Markets, Greater China, JANZ, and Emerging Markets. It offers prescription brand drugs, generic drugs, complex generic drugs, biosimilars, and active pharmaceutical ingredients (APIs). The company offers drugs in various therapeutic areas, including noncommunicable and infectious diseases; biosimilars in the areas of oncology, immunology, endocrinology, ophthalmology, and dermatology; and APIs for antibacterial, central nervous system agents, antihistamines/antiasthmatics, cardiovascular, antivirals, antidiabetics, antifungals, and proton pump inhibitor areas, as well as support services, such as diagnostic clinics, educational seminars, and digital tools to help patients better manage their health. It provides it medicines in the form of oral solid doses, injectables, complex dosage forms, and APIs to retail and pharmacy establishments, wholesalers and distributors, payers, insurers and governments, and institutions. The company distributes its products through pharmaceutical wholesalers/distributors, pharmaceutical retailers, institutional pharmacies, mail-order and e-commerce pharmacies, and specialty pharmacies. It sells its products under the Lyrica, Lipitor, Creon, Influvac, Wixela Inhub, EpiPen auto-injector, Fraxiparine, and Yupelri; Norvasc and Viagra; AMITIZA, Lipacreon, and Effexor; and Celebrex and ARV names, as well as glargine and SEMGLEE names. The company has collaboration and licensing agreements with Revance Therapeutics, Inc.; and Momenta Pharmaceuticals, Inc. Viatris Inc. was founded in 1961 and is headquartered in Canonsburg, Pennsylvania.",21.05,4.05,6.1,8.9,Unknown,2.0,,Unknown,6.349999999999999,5.927500000000002,Enterprise,0
VRTX,Vertex Pharmaceuticals Inc,"50 Northern Avenue
Boston, MA 02210
United States",Healthcare,Biotechnology,5400.0,"Vertex Pharmaceuticals Incorporated, a biotechnology company, engages in developing and commercializing therapies for treating cystic fibrosis (CF). It markets TRIKAFTA/KAFTRIO for people with CF with at least one F508del mutation for 2 years of age or older; SYMDEKO/SYMKEVI for people with CF for 6 years of age or older; ORKAMBI for CF patients 1 year or older; and KALYDECO for the treatment of patients with 1 year or older who have CF with ivacaftor. The company's pipeline includes VX-522, a CFTR mRNA therapeutic designed to treat the underlying cause of CF, which is in Phase 1 clinical trial; VX-548, a non-opioid medicine for the treatment of acute and neuropathic pain which is in Phase 3 clinical trial; Exa-cel, for the treatment of sickle cell disease and transfusion-dependent beta thalassemia which is in Phase 2/3 clinical trial. In addition, it provides inaxaplin for the treatment of APOL1-mediated focal segmental glomerulosclerosis and co-morbidities, such as hypertension which is in single Phase 2/3; VX- 880 and VX-264, treatment for Type 1 Diabetes which is in Phase 1/2 clinical trial; VX-970, which is in Phase 2 clinical trial for the treatment of cancer; and VX-803 and VX-984 for treatment of cancer in Phase 1 clinical trial. Further, it sells the products to specialty pharmacy and specialty distributors in the United States, as well as retail pharmacies, hospitals, and clinics. Additionally, the company has collaborations with CRISPR Therapeutics AG.; Moderna, Inc.; Entrada Therapeutics, Inc.; Arbor Biotechnologies, Inc.; Mammoth Biosciences, Inc.; and Verve Therapeutics., as well as collaborations with Tevard Biosciences to develop novel tRNA-based therapies for duchenne muscular dystrophy. Vertex Pharmaceuticals Incorporated was founded in 1989 and is headquartered in Boston, Massachusetts.",22.7,0.8,6.6,15.4,Moderate Controversy Level,2.0,,Medium,7.599999999999999,54.040000000000006,Large,0
VLTO,Veralto Corporation,"225 Wyman Street
Suite 250
Waltham, MA 02451
United States",Industrials,Pollution & Treatment Controls,16000.0,"Veralto Corporation provides water analytics, water treatment, marking and coding, and packaging and color services worldwide. It operates through two segments, Water Quality (WQ) and Product Quality & Innovation (PQI). The WQ segment offers precision instrumentation and water treatment technologies to measure, analyze, and treat water in residential, commercial, municipal, industrial, research, and natural resource applications through the Hach, Trojan Technologies, and ChemTreat brands. This segment provides water solutions, including chemical reagents, services, and digital solutions. The PQI segment offers inline printing solutions for products and packaging with marking and coding systems; marking and coding for packaged goods and related consumables; design software and imaging systems for the creation of new packaging designs; color management solutions for printed packages and consumer and industrial products; color standard services for the design industry; and a software solution that provides digital asset management, marketing resource management, and product information management. This segment sells its products and services through the Videojet, Linx, Esko, X-Rite, and Pantone brands to regulated industries, including municipal utilities, food and beverage, pharmaceutical, and industrials. The company was formerly known as DH EAS Holding Corp. and changed its name to Veralto Corporation in February 2023. Veralto Corporation was incorporated in 2022 and is headquartered in Waltham, Massachusetts.",21.05,4.05,6.1,8.9,Unknown,2.0,,Unknown,6.349999999999999,5.927500000000002,Enterprise,0
VTR,"Ventas, Inc.","353 North Clark Street
Suite 3300
Chicago, IL 60654-4708
United States",Real Estate,Reit - Healthcare Facilities,486.0,"Ventas Inc. (NYSE: VTR) is a leading S&P 500 real estate investment trust focused on delivering strong, sustainable shareholder returns by enabling exceptional environments that benefit a large and growing aging population. The Company's growth is fueled by its senior housing communities, which provide valuable services to residents and enable them to thrive in supported environments. Ventas leverages its unmatched operational expertise, data-driven insights from its Ventas Operational InsightsTM platform, extensive relationships and strong financial position to achieve its goal of delivering outsized performance across approximately 1,400 properties. The Ventas portfolio is composed of senior housing communities, outpatient medical buildings, research centers and healthcare facilities in North America and the United Kingdom. The Company benefits from a seasoned team of talented professionals who share a commitment to excellence, integrity and a common purpose of helping people live longer, healthier, happier lives.",12.9,3.4,5.6,3.9,None Controversy Level,2.0,,Low,4.3,1.3299999999999996,Medium,0
VLO,Valero Energy Corporation,"One Valero Way
San Antonio, TX 78249
United States",Energy,Oil & Gas Refining & Marketing,9886.0,"Valero Energy Corporation manufactures, markets, and sells petroleum-based and low-carbon liquid transportation fuels and petrochemical products in the United States, Canada, the United Kingdom, Ireland, Latin America, Mexico, Peru, and internationally. It operates through three segments: Refining, Renewable Diesel, and Ethanol. The company produces California Reformulated Gasoline Blendstock for Oxygenate Blending and Conventional Blendstock for Oxygenate Blending gasolines, CARB diesel, diesel, jet fuel, heating oil, and asphalt; feedstocks; aromatics; sulfur and residual fuel oil; intermediate oils; and sulfur, sweet, and sour crude oils. It sells its refined products through wholesale rack and bulk markets; and through outlets under the Valero, Beacon, Diamond Shamrock, Shamrock, Ultramar, and Texaco brands. The company owns and operates renewable diesel and ethanol plants, as well as produces renewable diesel and naphtha under the Diamond Green Diesel brand name. In addition, it offers ethanol and various co-products, including dry distiller grains, syrup, and inedible distillers corn oil to animal feed customers. The company was formerly known as Valero Refining and Marketing Company and changed its name to Valero Energy Corporation in August 1997. Valero Energy Corporation was founded in 1980 and is headquartered in San Antonio, Texas.",32.6,20.1,5.0,7.4,Moderate Controversy Level,2.0,,High,10.833333333333334,65.84333333333333,Large,0
UPS,"United Parcel Service, Inc. Class B","55 Glenlake Parkway, N.E.
Atlanta, GA 30328
United States",Industrials,Integrated Freight & Logistics,500000.0,"United Parcel Service, Inc., a package delivery company, provides transportation and delivery, distribution, contract logistics, ocean freight, airfreight, customs brokerage, and insurance services. It operates through two segments, U.S. Domestic Package and International Package. The U.S. Domestic Package segment offers time-definite delivery of express letters, documents, small packages, and palletized freight through air and ground services in the United States. The International Package segment provides guaranteed day and time-definite international shipping services comprising guaranteed time-definite express options in Europe, Asia, the Indian sub-continent, the Middle East, Africa, Canada, and Latin America. The company also offers international air and ocean freight forwarding, post-sales, and mail and consulting services. In addition, it provides truckload and customs brokerage services; supply chain solutions to the healthcare and life sciences industries; fulfillment and transportation management services; and integrated supply chain and shipment insurance solutions. United Parcel Service, Inc. was founded in 1907 and is headquartered in Atlanta, Georgia.",18.6,4.2,5.5,8.9,Moderate Controversy Level,2.0,,Low,6.2,5.890000000000001,Enterprise,0
UAL,"United Airlines Holdings, Inc.","233 South Wacker Drive
Chicago, IL 60606
United States",Industrials,Airlines,104500.0,"United Airlines Holdings, Inc., through its subsidiaries, provides air transportation services in North America, Asia, Europe, Africa, the Pacific, the Middle East, and Latin America. The company transports people and cargo through its mainline and regional fleets. It also offers catering, ground handling, flight academy, and maintenance services for third parties. The company was formerly known as United Continental Holdings, Inc. and changed its name to United Airlines Holdings, Inc. in June 2019. United Airlines Holdings, Inc. was incorporated in 1968 and is headquartered in Chicago, Illinois.",28.6,10.8,5.0,12.8,Moderate Controversy Level,2.0,,Medium,9.533333333333333,16.413333333333334,Enterprise,0
UNP,Union Pacific Corp.,"1400 Douglas Street
Omaha, NE 68179
United States",Industrials,Railroads,31052.0,"Union Pacific Corporation, through its subsidiary, Union Pacific Railroad Company, operates in the railroad business in the United States. The company offers transportation services for grain and grain products, fertilizers, food and refrigerated products, and coal and renewables to grain processors, animal feeders, ethanol producers, renewable biofuel producers, and other agricultural users; and construction products, industrial chemicals, plastics, forest products, specialized products, metals and ores, petroleum, liquid petroleum gases, soda ash, and sand, as well as finished automobiles, automotive parts, and merchandise in intermodal containers. Union Pacific Corporation was founded in 1862 and is headquartered in Omaha, Nebraska.",23.5,7.3,5.6,10.6,Moderate Controversy Level,2.0,,Medium,7.833333333333333,6.463333333333333,Enterprise,0
ULTA,"Ulta Beauty, Inc.","1000 Remington Boulevard
Suite 120
Bolingbrook, IL 60440
United States",Consumer Cyclical,Specialty Retail,20000.0,"Ulta Beauty, Inc. operates as a specialty beauty retailer in the United States. The company offers branded and private label beauty products, including cosmetics, fragrance, haircare, skincare, bath and body products, professional hair products, and salon styling tools through its Ulta Beauty stores, shop-in-shops, Ulta.com website, and its mobile applications. It also offers beauty services, including hair, makeup, brow, and skin services at its stores. The company was formerly known as ULTA Salon, Cosmetics & Fragrance, Inc. and changed its name to Ulta Beauty, Inc. in January 2017. Ulta Beauty, Inc. was incorporated in 1990 and is based in Bolingbrook, Illinois.",15.6,4.1,4.3,7.3,Moderate Controversy Level,2.0,,Low,5.233333333333333,3.2133333333333334,Enterprise,0
UBER,"Uber Technologies, Inc.","1725 3rd Street
San Francisco, CA 94158
United States",Technology,Software - Application,30700.0,"Uber Technologies, Inc. develops and operates proprietary technology applications in the United States, Canada, Latin America, Europe, the Middle East, Africa, and Asia excluding China and Southeast Asia. It operates through three segments: Mobility, Delivery, and Freight. The Mobility segment connects consumers with a range of transportation modalities, such as ridesharing, carsharing, micromobility, rentals, public transit, taxis, and other modalities; and offers riders in a variety of vehicle types, as well as financial partnerships products and advertising services. The Delivery segment allows to search for and discover restaurants to grocery, alcohol, convenience, and other retails; order a meal or other items; and Uber direct, a white-label Delivery-as-a-Service for retailers and restaurants, as well as advertising. The Freight segment manages transportation and logistics network, which connects shippers and carriers in digital marketplace including carriers upfronts, pricing, and shipment booking; and provides on-demand platform to automate logistics end-to-end transactions for small-and medium-sized business to global enterprises. The company was formerly known as Ubercab, Inc. and changed its name to Uber Technologies, Inc. in February 2011. Uber Technologies, Inc. was founded in 2009 and is headquartered in San Francisco, California.",21.05,4.05,6.1,8.9,Unknown,2.0,,Unknown,6.349999999999999,5.927500000000002,Enterprise,0
TYL,"Tyler Technologies, Inc.","5101 Tennyson Parkway
Plano, TX 75024
United States",Technology,Software - Application,7305.0,"Tyler Technologies, Inc. provides integrated information management solutions and services for the public sector. It operates in two segments, Enterprise Software and Platform Technologies. The company offers platform and transformative technology solutions, including cybersecurity for government agencies; data and insights solutions; digital solutions that helps workers and policymakers to share, communicate, and leverage data; payments solutions, such as billing, presentment, merchant onboarding, collections, reconciliation, and disbursements; platform technologies, an application development platform that enables government workers to build solutions and applications; and outdoor recreation solutions, including campsite reservations, activity registrations, licensing sales and renewals, and real-time data for conservation and park management. It also provides public administration solutions, such as civic services; financial applications with human resources, revenue management, tax billing, utilities, asset management, and payment processing; property and recording service that manages appraisal services, valuation, tax billing and collections, assessment administration, and land and official records; and permitting, licensing, and regulatory management solutions. In addition, the company offers courts and public safety solutions; school ERP and student transportation solutions for K-12 schools; and health and human services solutions. Further, the company offers software as a service arrangements and electronic document filing solutions for courts; software and hardware installation, data conversion, training, product modification, and maintenance and support services; and property appraisal outsourcing services for taxing jurisdictions. Tyler Technologies, Inc. has a strategic collaboration agreement with Amazon Web Services for cloud hosting services. The company was founded in 1966 and is headquartered in Plano, Texas.",21.05,4.05,6.1,8.9,Unknown,2.0,,Unknown,6.349999999999999,5.927500000000002,Large,0
TFC,Truist Financial Corporation,"214 North Tryon Street
Charlotte, NC 28202
United States",Financial Services,Banks - Regional,49218.0,"Truist Financial Corporation, a financial services company, provides banking and trust services in the Southeastern and Mid-Atlantic United States. The company operates through three segments: Consumer Banking and Wealth, Corporate and Commercial Banking, and Insurance Holdings.Its deposit products include noninterest-bearing checking, interest-bearing checking, savings, and money market deposit accounts, as well as certificates of deposit and individual retirement accounts. The company also provides funding; asset management; automobile lending; credit card lending; consumer finance; home equity and mortgage lending; other direct retail lending; insurance; investment brokerage; mobile/online banking; payment solutions; point-of-sale lending; retail and small business deposit products; small business lending; and wealth management/private banking services. In addition, it offers asset based lending, investment banking and capital market, institutional trust, insurance premium finance, derivatives, commercial lending, international banking, leasing, merchant, commercial deposit and treasury, floor plan, mortgage warehouse lending, real estate lending, and supply chain financing services. Further, the company provides insurance brokerage, retail and wholesale brokerage, securities underwriting and market making, loan syndication, and investment management and advisory services. The company was formerly known as BB&T Corporation and changed its name to Truist Financial Corporation in December 2019. Truist Financial Corporation was founded in 1872 and is headquartered in Charlotte, North Carolina.",21.05,4.05,6.1,8.9,Unknown,2.0,,Unknown,6.349999999999999,5.927500000000002,Enterprise,0
TRMB,Trimble Inc.,"10368 Westmoor Drive
Westminster, CO 80021
United States",Technology,Scientific & Technical Instruments,12700.0,"Trimble Inc. provides technology solutions that enable professionals and field mobile workers to enhance or transform their work processes worldwide. The company's Buildings and Infrastructure segment offers field and office software for project design and visualization; systems to guide and control construction equipment; software for 3D design and data sharing; systems to monitor, track, and manage assets, equipment, and workers; software to share and communicate data; program management solutions for construction owners; 3D conceptual design and modeling software; building information modeling software; enterprise resource planning, project management, and project collaboration solutions; integrated site layout and measurement systems; cost estimating, scheduling, and project controls solutions; and applications for sub-contractors and trades. Its Geospatial segment provides surveying and geospatial products, and geographic information systems. The company's Resources and Utilities segment offers precision agriculture products and services, such as guidance and positioning systems, including autonomous steering systems, automated and variable-rate application and technology systems, and information management solutions; manual and automated navigation guidance for tractors and other farm equipment; solutions to automate application of pesticide and seeding; water solutions; and agricultural software. Its Transportation segment offers solutions for long haul trucking and freight shipper markets; mobility solutions comprising route management, safety and compliance, end-to-end vehicle management, video intelligence, and supply chain communications; and fleet and transportation management systems, analytics, routing, mapping, reporting, and predictive modeling solutions. The company was formerly known as Trimble Navigation Limited and changed its name to Trimble Inc. in October 2016. Trimble Inc. was founded in 1978 and is headquartered in Westminster, Colorado.",12.4,3.8,5.2,3.4,None Controversy Level,2.0,,Low,4.133333333333333,0.8933333333333336,Enterprise,0
TDG,Transdigm Group Incorporated,"The Tower at Erieview
Suite 3000 1301 East 9th Street
Cleveland, OH 44114
United States",Industrials,Aerospace & Defense,15500.0,"TransDigm Group Incorporated designs, produces, and supplies aircraft components in the United States and internationally. The Power & Control segment offers mechanical/electro-mechanical actuators and controls, ignition systems and engine technology, specialized pumps and valves, power conditioning devices, specialized AC/DC electric motors and generators, batteries and chargers, databus and power controls, sensor products, switches and relay panels, hoists, winches and lifting devices, and cargo loading and handling systems. This segment serves engine and power system and subsystem suppliers, airlines, third party maintenance suppliers, military buying agencies, and repair depots. The Airframe segment provides engineered latching and locking devices, engineered rods, engineered connectors and elastomer sealing solutions, cockpit security components and systems, cockpit displays, engineered audio, radio and antenna systems, lavatory components, seat belts and safety restraints, engineered and customized interior surfaces and related components, thermal protection and insulation products, lighting and control technology, and parachutes. This segment serves airframe manufacturers, cabin system and subsystem suppliers, airlines, third party maintenance suppliers, military buying agencies, and repair depots. The Non-aviation segment offers seat belts and safety restraints for ground transportation applications; electro-mechanical actuators for space applications; hydraulic/electromechanical actuators and fuel valves for land-based gas turbines; refueling systems for heavy equipment used in mining, construction, and other industries; and turbine controls for the energy and oil and gas markets. This segment serves off-road vehicle and subsystem suppliers, child restraint system suppliers, and satellite and space system suppliers; and manufacturers of heavy equipment. TransDigm Group Incorporated was founded in 1993 and is based in Cleveland, Ohio.",38.7,12.0,9.0,17.7,Moderate Controversy Level,2.0,,High,12.9,19.529999999999998,Enterprise,0
TT,Trane Technologies Plc,"170/175 Lakeview Drive
Airside Business Park
Swords
Ireland",Industrials,Building Products & Equipment,40000.0,"Trane Technologies plc, together with its subsidiaries, designs, manufactures, sells, and services of solutions for heating, ventilation, air conditioning, custom, and custom and transport refrigeration in Ireland and internationally. It offers air conditioners, exchangers, and handlers; airside and terminal devices; air sourced heat pumps, auxiliary power units; chillers; coils and condensers; gensets; dehumidifiers; ductless; furnaces; home automation products; humidifiers; indoor air quality assessments and related products; large and light commercial unitary products; refrigerant reclamation products; thermostats/controls; transport heater products; variable refrigerant flow products; and water source heat pumps. The company also provides building management, telematic, control, energy efficiency and infrastructure program, geothermal, thermal energy, thermostats, rate chambers, package heating and cooling, temporary heating and cooling, and unitary systems; bus, rail, and multi-pipe heating, ventilation, and air conditioning systems; and container, diesel-powered, truck, industrial, rail, self-powered truck, trailer, and vehicle-powered truck refrigeration and air filtration systems, as well as aftermarket and OEM parts and supplies. In addition, it offers energy and facility management, installation and performance contracting, repair and maintenance, and rental services. It markets and sells its products under the Trane and Thermo King brands through sales offices, distributors, and dealers; and through sales and service companies with a supporting chain of distributors. The company was formerly known as Ingersoll-Rand Plc and changed its name to Trane Technologies plc in March 2020. Trane Technologies plc was founded in 1885 and is headquartered in Swords, Ireland.",15.2,4.4,5.1,5.7,Moderate Controversy Level,2.0,,Low,5.066666666666667,0.42333333333333323,Enterprise,0
TSCO,Tractor Supply Co,"5401 Virginia Way
Brentwood, TN 37027
United States",Consumer Cyclical,Specialty Retail,50000.0,"Tractor Supply Company operates as a rural lifestyle retailer in the United States. The company offers various merchandise, including livestock and equine feed and equipment, poultry, fencing, and sprayers and chemicals; food, treats, and equipment for dogs, cats, and other small animals, as well as dog wellness products; seasonal and recreation products comprising tractors and riders, lawn and garden, bird feeding, power equipment, and other recreational products; truck, tool, and hardware products, such as truck accessories, trailers, generators, lubricants, batteries, and hardware and tools; and clothing, gift, and décor products consist of clothing, footwear, toys, snacks, and decorative merchandise. It provides its products under the 4health, Paws & Claws, American Farmworks, Producer's Pride, Bit & Bridle, Red Shed, Blue Mountain, Redstone, C.E. Schmidt, Retriever, Country Lane, Ridgecut, Countyline, Royal Wing, Country Tuff, Strive, Dumor, Traveller, Farm Table, Treeline, Groundwork, TSC Tractor Supply Co, Huskee, Untamed, and JobSmart brand names. The company operates its retail stores under the Tractor Supply Company, Petsense by Tractor Supply, and Orscheln Farm and Home names; and operates websites under the TractorSupply.com and Petsense.com names. It sells its products to recreational farmers, ranchers, and others. Tractor Supply Company was founded in 1938 and is based in Brentwood, Tennessee.",16.1,3.4,4.5,8.2,Moderate Controversy Level,2.0,,Low,5.366666666666667,6.3233333333333315,Enterprise,0
TJX,"Tjx Companies, Inc.","770 Cochituate Road
Framingham, MA 01701
United States",Consumer Cyclical,Apparel Retail,349000.0,"The TJX Companies, Inc., together with its subsidiaries, operates as an off-price apparel and home fashions retailer in the United States, Canada, Europe, and Australia. It operates through four segments: Marmaxx, HomeGoods, TJX Canada, and TJX International. The company sells family apparel, including footwear and accessories; home fashions, such as home basics, furniture, rugs, lighting products, giftware, soft home products, decorative accessories, tabletop, and cookware, as well as expanded pet, and gourmet food departments; jewelry and accessories; and other merchandise. It offers its products through stores and e-commerce sites. The TJX Companies, Inc. was incorporated in 1962 and is headquartered in Framingham, Massachusetts.",14.4,1.9,4.8,7.7,Moderate Controversy Level,2.0,,Low,4.8,8.41,Enterprise,0
DIS,The Walt Disney Company,"500 South Buena Vista Street
Burbank, CA 91521
United States",Communication Services,Entertainment,173250.0,"The Walt Disney Company operates as an entertainment company worldwide. It operates through three segments: Entertainment, Sports, and Experiences. The company produces and distributes film and television video streaming content under the ABC Television Network, Disney, Freeform, FX, Fox, National Geographic, and Star brand television channels, as well as ABC television stations and A+E television networks; and produces original content under the ABC Signature, Disney Branded Television, FX Productions, Lucasfilm, Marvel, National Geographic Studios, Pixar, Searchlight Pictures, Twentieth Century Studios, 20th Television, and Walt Disney Pictures banners. It also offers direct-to-consumer streaming services through Disney+, Disney+ Hotstar, Hulu, and Star+; sports-related entertainment services through ESPN, ESPN on ABC, ESPN+ DTC, and Star; sale/licensing of film and episodic content to third-party television and VOD services; theatrical, home entertainment, and music distribution services; DVD and Blu-ray discs, electronic home video licenses, and VOD rental services; staging and licensing of live entertainment events; and post-production services. In addition, the company operates theme parks and resorts comprising Walt Disney World Resort, Disneyland Resort, Disneyland Paris, Hong Kong Disneyland Resort, Shanghai Disney Resort, Disney Cruise Line, Disney Vacation Club, National Geographic Expeditions, and Adventures by Disney, as well as Aulani, a Disney resort and spa in Hawaii. It also licenses its intellectual property to a third party for operations of the Tokyo Disney Resort; licenses trade names, characters, visual, literary, and other IP for use on merchandise, published materials, and games; operates a direct-to-home satellite distribution platform; sells branded merchandise through retail, online, and wholesale businesses; and develops and publishes books, comic books, and magazines. The company was founded in 1923 and is based in Burbank, California.",15.7,0.0,6.7,9.0,Moderate Controversy Level,2.0,,Low,5.233333333333333,21.863333333333333,Enterprise,0
SO,The Southern Company,"30 Ivan Allen Jr. Boulevard, NW
Atlanta, GA 30308
United States",Utilities,Utilities - Regulated Electric,27819.0,"The Southern Company, through its subsidiaries, engages in the generation, transmission, and distribution of electricity. The company also develops, constructs, acquires, owns, and manages power generation assets, including renewable energy projects and sells electricity in the wholesale market; and distributes natural gas in Illinois, Georgia, Virginia, and Tennessee, as well as provides gas marketing services, gas distribution operations, and gas pipeline investments operations. In addition, it owns and operates nuclear, coal, hydro, cogeneration, solar, wind, battery storage, and fuel cell facilities. Further, the constructs, operates, and maintains approximately 77,900 miles of natural gas pipelines and 14 storage facilities with total capacity of 157 Bcf to provide natural gas to residential, commercial, and industrial customers. The company serves approximately 8.9 million electric and gas utility customers. Further, it develops distributed energy and resilience solutions; deploys microgrids for commercial, industrial, governmental, and utility customers; and offers digital wireless communications and fiber optics services. The Southern Company was incorporated in 1945 and is headquartered in Atlanta, Georgia.",33.0,14.7,7.3,11.0,Moderate Controversy Level,2.0,,High,11.0,13.689999999999998,Enterprise,0
SHW,The Sherwin-Williams Company,"101 West Prospect Avenue
Cleveland, OH 44115-1075
United States",Basic Materials,Specialty Chemicals,64088.0,"The Sherwin-Williams Company engages in the development, manufacture, distribution, and sale of paints, coating, and related products to professional, industrial, commercial, and retail customers. It operates through three segments: Paint Stores Group, Consumer Brands Group, and Performance Coatings Group. The Paint Stores Group segment offers architectural paints and coatings, and protective and marine products, as well as OEM product finishes and related products for architectural and industrial paint contractors, and do-it-yourself homeowners. The Consumer Brands Group segment supplies a portfolio of branded and private-label architectural paints, stains, varnishes, industrial products, wood finishes products, wood preservatives, applicators, corrosion inhibitors, aerosols, caulks, and adhesives to retailers, including home centers and hardware stores, and dedicated dealers and distributors. The Performance Coatings Group segment develops and sells industrial coatings for wood finishing and general industrial applications, automotive refinish products, protective and marine coatings, coil coatings, packaging coatings, and performance-based resins and colorants. It serves retailers, dealers, jobbers, licensees, and other third-party distributors through its branches and direct sales staff, as well as through outside sales representatives. The company has operations primarily in the North and South America, the Caribbean, Europe, Asia, and Australia. The Sherwin-Williams Company was founded in 1866 and is headquartered in Cleveland, Ohio.",29.4,14.3,5.8,9.2,Moderate Controversy Level,2.0,,Medium,9.766666666666667,18.303333333333335,Enterprise,0
MOS,The Mosaic Company,"101 East Kennedy Boulevard
Suite 2500
Tampa, FL 33602
United States",Basic Materials,Agricultural Inputs,14049.0,"The Mosaic Company, through its subsidiaries, produces and markets concentrated phosphate and potash crop nutrients in North America and internationally. The company operates through three segments: Phosphates, Potash, and Mosaic Fertilizantes. It owns and operates mines, which produce concentrated phosphate crop nutrients, such as diammonium phosphate, monoammonium phosphate, and ammoniated phosphate products; and phosphate-based animal feed ingredients primarily under the Biofos and Nexfos brand names, as well as produces a double sulfate of potash magnesia product under K-Mag brand name. The company also produces and sells potash for use in the manufacturing of mixed crop nutrients and animal feed ingredients, and for industrial use; and for use in the de-icing and as a water softener regenerant. In addition, it provides nitrogen-based crop nutrients, animal feed ingredients, and other ancillary services; and purchases and sells phosphates, potash, and nitrogen products. The company sells its products to wholesale distributors, retail chains, farmers, cooperatives, independent retailers, and national accounts. The company was incorporated in 2004 and is headquartered in Tampa, Florida.",33.5,13.9,8.6,11.1,Moderate Controversy Level,2.0,,High,11.200000000000001,7.030000000000003,Enterprise,0
SJM,The J.M. Smucker Company,"One Strawberry Lane
Orrville, OH 44667-0280
United States",Consumer Defensive,Packaged Foods,5800.0,"The J. M. Smucker Company manufactures and markets branded food and beverage products worldwide. It operates in three segments: U.S. Retail Pet Foods, U.S. Retail Coffee, and U.S. Retail Consumer Foods. The company offers mainstream roast, ground, single serve, and premium coffee; peanut butter and specialty spreads; fruit spreads, toppings, and syrups; jelly products; nut mix products; shortening and oils; frozen sandwiches and snacks; pet food and pet snacks; and foodservice hot beverage, foodservice portion control, and flour products, as well as dog and cat food, frozen handheld products, juices and beverages, and baking mixes and ingredients. It provides its products under the Meow Mix, Milk-Bone, Pup-Peroni, Canine Carry Outs, Folgers, Café Bustelo, Dunkin', Folgers, Café Bustelo, 1850, Jif, Smucker's, Smucker's Uncrustables, Robin Hood, and Five Roses. The company sells its products through direct sales and brokers to food retailers, club stores, discount and dollar stores, online retailers, pet specialty stores, natural foods stores and distributors, drug stores, military commissaries, and mass merchandisers. Smucker Company was founded in 1897 and is headquartered in Orrville, Ohio.",30.5,12.9,5.6,12.0,Moderate Controversy Level,2.0,,High,10.166666666666666,15.843333333333337,Large,0
EL,The Estee Lauder Companies Inc. Class A,"767 Fifth Avenue
New York, NY 10153
United States",Consumer Defensive,Household & Personal Products,44020.0,"The Estée Lauder Companies Inc. manufactures, markets, and sells skin care, makeup, fragrance, and hair care products worldwide. It offers skin care products, including moisturizers, serums, cleansers, toners, body care, exfoliators, acne care and oil correctors, facial masks, and sun care products; and makeup products, such as lipsticks, lip glosses, mascaras, foundations, eyeshadows, nail polishes, and powders, as well as compacts, brushes, and other makeup tools. The company also provides fragrance products in various forms comprising eau de parfum sprays and colognes, as well as lotions, powders, creams, candles, and soaps; and hair care products that include shampoos, conditioners, styling products, treatment, finishing sprays, and hair color products, as well as sells ancillary products and services. It offers its products under the Estée Lauder, Clinique, Origins, M·A·C, Bobbi Brown Cosmetics, La Mer, Aveda, Jo Malone London, TOM FORD, Too Faced, Dr.Jart+, and The Ordinary brands. The company sells its products through department stores, specialty-multi retailers, upscale perfumeries and pharmacies, and salons and spas; freestanding stores; its own and authorized retailer websites; third-party online malls; stores in airports; and duty-free locations. The Estée Lauder Companies Inc. was founded in 1946 and is headquartered in New York, New York.",25.5,6.9,7.5,11.1,Moderate Controversy Level,2.0,,Medium,8.5,5.159999999999998,Enterprise,0
COO,"The Cooper Companies, Inc.","6101 Bollinger Canyon Road
Suite 500
San Ramon, CA 94583
United States",Healthcare,Medical Instruments & Supplies,15000.0,"The Cooper Companies, Inc., together with its subsidiaries, develops, manufactures, and markets contact lens wearers. The company operates in two segments, CooperVision and CooperSurgical. The CooperVision segment provides spherical lense, including lenses that correct near and farsightedness; and toric and multifocal lenses comprising lenses correcting vision challenges, such as astigmatism, presbyopia, and myopia in the Americas, Europe, Middle East, Africa, and Asia Pacific. The CooperSurgical segment focuses on family and women's health care, which provides fertility products and services, medical devices, and contraception, as well as cryostorage, such as cord blood and cord tissue storage to health care professionals and patients worldwide. It offers surgical and office products, including endosee endometrial imaging products, fetal pillow cephalic elevation devices for use in cesarean sections, illuminated speculum products, lone star retractor systems, loop electrosurgical excision procedure products, mara water ablation systems, paragard contraceptive IUDs, point-of-care, and uterine positioning products, as well as cryostorage, such as cord blood and cord tissue storage; fertility products and services, such as fertility consumables and equipment, donor gamete services, and genomic services, including genetic testing. The company sells its products to distributors, group purchasing organizations, eye care and health care professionals, including independent practices, corporate retailers, hospitals and clinics, and authorized resellers. The Cooper Companies, Inc. was founded in 1958 and is headquartered in San Ramon, California.",17.5,2.7,6.0,8.8,Moderate Controversy Level,2.0,,Low,5.833333333333333,9.323333333333334,Enterprise,0
CI,The Cigna Group,"900 Cottage Grove Road
Bloomfield, CT 06002
United States",Healthcare,Healthcare Plans,70325.0,"The Cigna Group, together with its subsidiaries, provides insurance and related products and services in the United States. Its Evernorth Health Services segment provides a range of coordinated and point solution health services, including pharmacy benefits, home delivery pharmacy, specialty pharmacy, distribution, and care delivery and management solutions to health plans, employers, government organizations, and health care providers. The company's Cigna Healthcare segment offers medical, pharmacy, behavioral health, dental, and other products and services for insured and self-insured customers; Medicare Advantage, Medicare Supplement, and Medicare Part D plans for seniors, as well as individual health insurance plans; and health care coverage in its international markets, as well as health care benefits for mobile individuals and employees of multinational organizations. In addition, it offers permanent insurance contracts sold to corporations to provide coverage on the lives of certain employees for financing employer-paid future benefit obligations. The company distributes its products and services through insurance brokers and consultants; directly to employers, unions and other groups, or individuals; and private and public exchanges. The company was formerly known as Cigna Corporation and changed its name to The Cigna Group in February 2023. The Cigna Group was founded in 1792 and is headquartered in Bloomfield, Connecticut.",11.6,0.0,5.7,6.0,Moderate Controversy Level,2.0,,Low,3.9,11.43,Enterprise,0
SCHW,The Charles Schwab Corporation,"3000 Schwab Way
Westlake, TX 76262
United States",Financial Services,Capital Markets,32600.0,"The Charles Schwab Corporation, together with its subsidiaries, operates as a savings and loan holding company that provides wealth management, securities brokerage, banking, asset management, custody, and financial advisory services in the United States and internationally. The company operates in two segments, Investor Services and Advisor Services. It offers brokerage accounts with equity and fixed income trading, margin lending, options trading, futures and forex trading, and cash management capabilities, including certificates of deposit; third-party mutual funds through the Mutual Fund Marketplace and Mutual Fund OneSource service, as well as mutual fund trading and clearing services to broker-dealers; exchange-traded funds; advisory solutions for managed portfolios, separately managed accounts, customized personal advice for tailored portfolios, specialized planning, and full-time portfolio management; banking products comprising checking and savings accounts, first lien residential real estate mortgage loans, home equity lines of credit, and pledged asset lines; and trust custody services, personal trust reporting services, and administrative trustee services. It also provides digital retirement calculators; integrated web-, mobile-, and software-based trading platforms, real-time market data, options trading, premium research, and multi-channel access; self-service education and support tools; online research and analysis tools; equity compensation plan sponsors full-service recordkeeping for stock plans, stock options, restricted stock, performance shares, and stock appreciation rights; retirement plan services; mutual fund clearing services; and advisor services, including interactive tools and educational content. The Company operates through branch offices. The Charles Schwab Corporation was incorporated in 1971 and is headquartered in Westlake, Texas.",23.3,2.4,11.9,8.9,Moderate Controversy Level,2.0,,Medium,7.733333333333334,23.583333333333336,Enterprise,0
ALL,The Allstate Corporation,"3100 Sanders Road
Northbrook, IL 60062
United States",Financial Services,Insurance - Property & Casualty,53000.0,"The Allstate Corporation, together with its subsidiaries, provides property and casualty, and other insurance products in the United States and Canada. It operates in five segments: Allstate Protection; Protection Services; Allstate Health and Benefits; Run-off Property-Liability; and Corporate and Other segments. The Allstate Protection segment offers private passenger auto and homeowners insurance; other personal lines products; and commercial lines products through agents, contact centers, and online. The Protection Services segment provides consumer product protection; protection and insurance products, including vehicle service contracts, guaranteed asset protection, road hazard tire and wheel, and paintless dent repair protection; and roadside assistance, device and mobile data collection services, and analytic solutions using automotive telematics information, as well as identity theft protection and remediation services. This segment also offers its products under various brands, including Allstate Protection Plans, Allstate Dealer Services, Allstate Roadside, Arity, Avail, and Allstate Identity Protection. The Allstate Health and Benefits segment provides life, accident, critical illness, short-term disability, and other health insurance products; stop-loss and fully insured group health products to employers; and short-term medical and medicare supplement insurance to individuals. The Run-off Property-Liability segment offers property and casualty insurance coverage that primarily relates to policies written during the 1960s through the mid-1980s. The Corporate and Other segment provides debt services, as well as non-insurance operations. It sells its products through agents, independent agents, call and contact centers, retailers, direct to consumer, wholesale partners, and affinity groups, as well as through online and mobile applications. The Allstate Corporation was founded in 1931 and is headquartered in Northbrook, Illinois.",22.0,1.0,10.9,10.1,Moderate Controversy Level,2.0,,Medium,7.333333333333333,30.243333333333332,Enterprise,0
TXT,"Textron, Inc.","40 Westminster Street
Providence, RI 02903
United States",Industrials,Aerospace & Defense,35000.0,"Textron Inc. operates in the aircraft, defense, industrial, and finance businesses worldwide. It operates through six segments: Textron Aviation, Bell, Textron Systems, Industrial, Textron eAviation, and Finance. The Textron Aviation segment manufactures, sells, and services business jets, turboprop and piston engine aircraft, and military trainer and defense aircraft; and offers maintenance, inspection, and repair services, as well as sells commercial parts. The Bell segment supplies military and commercial helicopters, tiltrotor aircrafts, and related spare parts and services. The Textron Systems segment offers unmanned aircraft systems, electronic systems and solutions, advanced marine crafts, piston aircraft engines, live military air-to-air and air-to-ship training, weapons and related components, and armored and specialty vehicles. The Industrial segment offers blow-molded solutions, including conventional plastic fuel tanks and pressurized fuel tanks for hybrid vehicle applications, clear-vision systems, plastic tanks for catalytic reduction systems, and battery housing systems for use in electric vehicles primarily to automobile original equipment manufacturers (OEMs); and golf cars, off-road utility vehicles, powersports products, light transportation vehicles, aviation ground support equipment, professional turf-maintenance equipment, and turf-care vehicles to golf courses and resorts, government agencies and municipalities, consumers, outdoor enthusiasts, and commercial and industrial users. The Textron eAviation segment manufactures and sells light aircraft and gliders with electric and combustion engines; and provides other research and development initiatives related to sustainable aviation solutions. The Finance segment offers financing services to purchase new and pre-owned aviation aircraft and Bell helicopters. Textron Inc. was founded in 1923 and is headquartered in Providence, Rhode Island.",33.6,10.9,6.6,16.1,Moderate Controversy Level,2.0,,High,11.200000000000001,22.63000000000001,Enterprise,0
TXN,Texas Instruments Incorporated,"12500 TI Boulevard
Dallas, TX 75243
United States",Technology,Semiconductors,34000.0,"Texas Instruments Incorporated designs, manufactures, and sells semiconductors to electronics designers and manufacturers in the United States and internationally. The company operates through Analog and Embedded Processing segments. The Analog segment offers power products to manage power requirements across various voltage levels, including battery-management solutions, DC/DC switching regulators, AC/DC and isolated controllers and converters, power switches, linear regulators, voltage references, and lighting products. This segment provides signal chain products that sense, condition, and measure signals to allow information to be transferred or converted for further processing and control, including amplifiers, data converters, interface products, motor drives, clocks, and logic and sensing products. The Embedded Processing segment offers microcontrollers that are used in electronic equipment; digital signal processors for mathematical computations; and applications processors for specific computing activity. This segment offers products for use in various markets, such as industrial, automotive, personal electronics, communications equipment, enterprise systems, and calculators and other. It provides DLP products primarily for use in project high-definition images; calculators; and application-specific integrated circuits. The company markets and sells its semiconductor products through direct sales and distributors, as well as through its website. Texas Instruments Incorporated was founded in 1930 and is headquartered in Dallas, Texas.",20.6,7.8,6.9,6.0,Moderate Controversy Level,2.0,,Medium,6.900000000000001,0.8099999999999998,Enterprise,0
TER,"Teradyne, Inc.","600 Riverpark Drive
North Reading, MA 01864
United States",Technology,Semiconductor Equipment & Materials,6600.0,"Teradyne, Inc. designs, develops, manufactures, and sells automated test systems and robotics products worldwide. It operates through four segments; Semiconductor Test, System Test, Robotics, and Wireless Test. The Semiconductor Test segment offers products and services for wafer level and device package testing of semiconductor devices in automotive, industrial, communications, consumer, smartphones, cloud, computer and electronic game, and other applications. This segment also provides FLEX test platform systems; J750 test system to address the volume semiconductor devices, including microcontrollers; Magnum platform that tests memory devices, such as flash memory and DRAM; and ETS platform for semiconductor manufacturers, and assembly and test subcontractors in the analog/mixed signal markets. It serves integrated device manufacturers that integrate the fabrication of silicon wafers into their business; fabless companies that outsource the manufacturing of silicon wafers; foundries; and semiconductor assembly and test providers. The System Test segment offers defense/aerospace test instrumentation and systems; storage and system level test systems; and circuit-board test and inspection systems. The Wireless Test segment provides wireless test solutions for silicon validation, wireless module manufacturing, and wireless end device manufacturing under the LitePoint brand. This segment also offers IQxel-MX and IQxel-MW7G series products for edge measurement performance in the manufacturing of connectivity products; IQxstream-5G and IQgig-5G family products to support 4G and 5G technologies; and IQgig-UWB+ for certification and manufacturing test support for ultra wideband products. The Robotics segment provides collaborative robotic arms, autonomous mobile robots, and advanced robotic control software for manufacturing, logistics, and industrial customers. The company was incorporated in 1960 and is headquartered in North Reading, Massachusetts.",17.0,7.1,5.0,4.9,None Controversy Level,2.0,,Low,5.666666666666667,1.5433333333333326,Large,0
TFX,Teleflex Incorporated,"550 East Swedesford Road
Suite 400
Wayne, PA 19087-1603
United States",Healthcare,Medical Instruments & Supplies,14500.0,"Teleflex Incorporated designs, develops, manufactures, and supplies single-use medical devices for common diagnostic and therapeutic procedures in critical care and surgical applications worldwide. The company provides vascular access products that comprise Arrow branded catheters, catheter navigation and tip positioning systems, and intraosseous access systems for the administration of intravenous therapies, the measurement of blood pressure, and the withdrawal of blood samples through a single puncture site. It also offers interventional products, which consists of various coronary catheters, structural heart support devices, and peripheral intervention and mechanical circulatory support platform that are used by interventional cardiologists and radiologists, and vascular surgeons; and Arrow branded pumps and catheters, Guideline, Turnpike, and Trapliner catheters, the Manta Vascular Closure, and Arrow Oncontrol devices. The company provides anesthesia products, such as airway and pain management products to support hospital, emergency medicine, and military channels; and surgical products, including metal and polymer ligation clips, and fascial closure surgical systems that are used in laparoscopic surgical procedures, percutaneous surgical systems, and other surgical instruments. It also offers interventional urology products comprising the UroLift System, an invasive technology for treating lower urinary tract symptoms due to benign prostatic hyperplasia; respiratory products, including oxygen and aerosol therapies, spirometry, and ventilation management products for use in various care settings; urology products, such as catheters, urine collectors, and catheterization accessories and products for operative endourology; and bladder management services. The company serves hospitals and healthcare providers, medical device manufacturers, and home care markets. Teleflex Incorporated was incorporated in 1943 and is headquartered in Wayne, Pennsylvania.",29.6,4.8,8.7,16.1,Moderate Controversy Level,2.0,,Medium,9.866666666666667,32.94333333333334,Enterprise,0
TDY,Teledyne Technologies Incorporated,"1049 Camino Dos Rios
Thousand Oaks, CA 91360-2362
United States",Technology,Scientific & Technical Instruments,14900.0,"Teledyne Technologies Incorporated, together with its subsidiaries, provides enabling technologies for industrial growth markets in the United States and internationally. Its Digital Imaging segment provides visible spectrum sensors and digital cameras; and infrared, ultraviolet, visible, and X-ray spectra; as well as micro electromechanical systems and semiconductors, including analog-to-digital and digital-to-analog converters. This segment also offers cooled and uncooled infrared or thermal products, including sensors, camera cores, and camera systems; high-resolution, low-dose X-ray sensors, high-power microwave, and high-energy X-ray subsystems; and instruments for the measurement of physical properties and maritime products; as well as develops and manufactures multi-spectrum electro-optic/infrared imaging systems and associated products, such as lasers, optics, and radars, CBRNE (Chemical, Biological, Radiological, Nuclear and Explosive detectors), and unmanned air and ground systems. The company's Instrumentation segment offers monitoring, control, and electronic test and measurement equipment; and power and communications connectivity devices for distributed instrumentation systems and sensor networks. The company's Aerospace and Defense Electronics segment provides electronic components and subsystems, data acquisition and communications components and equipment, harsh environment interconnects, general aviation batteries, and other components; and onboard avionics systems and ground-based applications, aircraft data and connectivity solutions, hardware systems, and software applications. Its Engineered Systems segment offers systems engineering and integration, technology development, and manufacturing solutions for defense, space, environmental, and energy applications; and designs and manufactures electrochemical energy systems and electronics for military applications. The company was founded in 1960 and is headquartered in Thousand Oaks, California.",21.05,4.05,6.1,8.9,Unknown,2.0,,Unknown,6.349999999999999,5.927500000000002,Enterprise,0
TEL,Te Connectivity Ltd,"MUehlenstrasse 26
Schaffhausen, 8200
Switzerland",Technology,Electronic Components,85000.0,"TE Connectivity Ltd., together with its subsidiaries, manufactures and sells connectivity and sensor solutions in Europe, the Middle East, Africa, the AsiaPacific, and the Americas. The company operates through three segments: Transportation Solutions, Industrial Solutions, and Communications Solutions. The Transportation Solutions segment provides terminals and connector systems and components, sensors, relays, antennas, and application tooling products for use in the automotive, commercial transportation, and sensor markets. The Industrial Solutions segment offers terminals and connector systems and components; and interventional medical components, relays, heat shrink tubing, and wires and cables for industrial equipment, aerospace, defense, marine, medical, and energy markets. The Communications Solutions segment supplies electronic components, such as terminals and connector systems and components, relays, heat shrink tubing, and antennas for the data and devices, and appliances markets. The company sells its products to approximately 140 countries primarily through direct sales to manufacturers, as well as through third-party distributors. The company was formerly known as Tyco Electronics Ltd. and changed its name to TE Connectivity Ltd. in March 2011. TE Connectivity Ltd. was founded in 1941 and is based in Schaffhausen, Switzerland.",14.8,5.8,4.6,4.4,None Controversy Level,2.0,,Low,4.933333333333333,0.5733333333333331,Enterprise,0
TRGP,Targa Resources Corp.,"811 Louisiana Street
Suite 2100
Houston, TX 77002
United States",Energy,Oil & Gas Midstream,3182.0,"Targa Resources Corp., together with its subsidiary, Targa Resources Partners LP, owns, operates, acquires, and develops a portfolio of complementary domestic midstream infrastructure assets in North America. It operates in two segments, Gathering and Processing, and Logistics and Transportation. The company is involved in gathering, compressing, treating, processing, transporting, and selling natural gas; storing, fractionating, treating, transporting, and selling natural gas liquids (NGL) and NGL products, including services to liquefied petroleum gas exporters; and gathering, storing, terminaling, purchasing, and selling crude oil. It is also involved in the purchase and resale of NGL products; and sale of propane, as well as provision of related logistics services to multi-state retailers, independent retailers, and other end-users. In addition, the company offers NGL balancing services; and transportation services to refineries and petrochemical companies in the Gulf Coast area, as well as purchases, markets, and resells natural gas. As of December 31, 2023, it leased and managed approximately 605 railcars; 137 tractors; and 6 vacuum trucks and 2 pressurized NGL barges. Targa Resources Corp. was incorporated in 2005 and is headquartered in Houston, Texas.",33.2,14.2,4.2,14.8,Moderate Controversy Level,2.0,,High,11.066666666666668,35.45333333333333,Large,0
TPR,"Tapestry, Inc.","10 Hudson Yards
New York, NY 10001
United States",Consumer Cyclical,Luxury Goods,12600.0,"Tapestry, Inc. provides luxury accessories and branded lifestyle products in the United States, Japan, Greater China, and internationally. The company operates in three segments: Coach, Kate Spade, and Stuart Weitzman. It offers women's handbags; and women's accessories, such as small leather goods which includes mini and micro handbags, money pieces, wristlets, pouches, and cosmetic cases, as well as novelty accessories including address books, time management and travel accessories, sketchbooks, and portfolios; and belts, key rings, and charms. The company also provides men products, which includes bag collections, such as business cases, computer bags, messenger-style bags, backpacks, and totes; small leather goods including wallets, card cases, travel organizers, and belts; and footwear, watches, fragrances, sunglasses, novelty accessories, and ready-to-wear items. In addition, it offers other products including women's footwear and fragrances; eyewear and sunglasses; and jewelry, such as bracelets, necklaces, rings, and earrings, watches, and other women's seasonal lifestyle apparel collections, including outerwear, ready-to-wear and cold weather accessories, such as gloves, scarves, and hats. Further, the company provides kids items, housewares, and home accessories, such as fashion bedding and tableware, stationery, and gifts. It offers its products through e-commerce sites and concession shop-in-shops, wholesale, and third-party distributors under the Coach, Kate Spade, and Stuart Weitzman brand names. The company was formerly known as Coach, Inc. and changed its name to Tapestry, Inc. in October 2017. Tapestry, Inc. was founded in 1941 and is headquartered in New York, New York.",14.8,1.1,5.2,8.6,Moderate Controversy Level,2.0,,Low,4.966666666666666,14.103333333333333,Enterprise,0
TTWO,Take-Two Interactive Software Inc,"110 West 44th Street
New York, NY 10036
United States",Communication Services,Electronic Gaming & Multimedia,12371.0,"Take-Two Interactive Software, Inc. develops, publishes, and markets interactive entertainment solutions for consumers worldwide. It develops and publishes action/adventure products under the Grand Theft Auto, LA Noire, Max Payne, Midnight Club, and Red Dead Redemption names, as well as other franchises. The company also publishes various entertainment properties across various platforms and a range of genres, such as shooter, action, role-playing, strategy, sports, and family/casual entertainment under the BioShock, Mafia, Sid Meier's Civilization, XCOM series, Borderlands, and Tiny Tina's Wonderland names. In addition, it publishes sports simulation titles comprising NBA 2K series, a basketball video game; the WWE 2K professional wrestling series; mobile titles, including WWE SuperCard; and PGA TOUR 2K. Further, the company offers Kerbal Space Program and OlliOlli World; free-to-play mobile games, such as CSR Racing, Dragon City, Empires & Puzzles, FarmVille, Golf Rival, Harry Potter: Puzzles & Spells, Match Factory!, Merge Dragons!, Merge Magic!, Monster Legends, Toon Blast, Top Eleven, Top Troops, Toy Blast, Two Dots, Words With Friends, and Zynga Poker; and hyper-casual mobile titles, including Fill the Fridge!, Parking Jam 3D, Power Slap, Pull the Pin, Twisted Tangle, and Tangled Snakes. Its products are designed for console gaming systems; personal computers; and mobiles comprising smartphones and tablets. The company provides its products through physical retail, digital download, online platforms, and cloud streaming services. Take-Two Interactive Software, Inc. was incorporated in 1993 and is based in New York, New York.",21.05,4.05,6.1,8.9,Unknown,2.0,,Unknown,6.349999999999999,5.927500000000002,Enterprise,0
SYY,Sysco Corporation,"1390 Enclave Parkway
Houston, TX 77077-2099
United States",Consumer Defensive,Food Distribution,72000.0,"Sysco Corporation, through its subsidiaries, engages in the marketing and distribution of various food and related products to the foodservice or food-away-from-home industry in the United States, Canada, the United Kingdom, France, and internationally. It operates through U.S. Foodservice Operations, International Foodservice Operations, SYGMA, and Other segments. The company distributes frozen food, such as meat, seafood, fully prepared entrées, fruits, vegetables, and desserts; canned and dry food products; fresh meat and seafood products; dairy products; beverages; imported specialties; and fresh produce products. It also supplies various non-food items, including paper products comprising disposable napkins, plates, and cups; tableware consisting of glassware and silverware; cookware, such as pots, pans, and utensils; restaurant and kitchen equipment and supplies; and cleaning supplies. The company serves restaurants, hospitals and nursing facilities, schools and colleges, hotels and motels, industrial caterers, and other foodservice venues. Sysco Corporation was incorporated in 1969 and is headquartered in Houston, Texas.",15.9,5.4,4.5,6.1,Moderate Controversy Level,2.0,,Low,5.333333333333333,0.6433333333333331,Enterprise,0
SNPS,Synopsys Inc,"675 Almanor Avenue
Sunnyvale, CA 94085
United States",Technology,Software - Infrastructure,20300.0,"Synopsys, Inc. provides electronic design automation software products used to design and test integrated circuits. It operates in three segments: Design Automation, Design IP, and Software Integrity. The company offers Digital and Custom IC Design solution that provides digital design implementation solutions; Verification solution that offers virtual prototyping, static and formal verification, simulation, emulation, field programmable gate array (FPGA)-based prototyping, and debug solutions; and FPGA design products that are programmed to perform specific functions. It also provides intellectual property (IP) solutions for USB, PCI Express, DDR, Ethernet, MIPI, HDMI, and Bluetooth low energy applications; logic libraries and embedded memories; processor cores, software, and application-specific instruction-set processor tools for embedded applications; security IP solutions; IP solutions for automotive market; and system-on-chip (SoC) infrastructure IP, datapath and building block IP, and verification IP products, as well as mathematical and floating-point components, and Arm AMBA interconnect fabric and peripherals. In addition, the company offers HAPS FPGA-based prototyping systems; virtual prototyping solutions; and Platform Architect solutions for SoC architecture analysis and optimization, as well as optical products, and mechatronic simulations. Further, it provides security and quality testing products, managed services, programs and professional services, and training that enable its customers to detect and remediate security vulnerabilities, and defects in the software development lifecycle, as well as manufacturing solutions. Additionally, the company provides intelligent orchestration solution, software risk manager, and black duck software composition analysis tools. It serves electronics, financial services, automotive, medicine, energy, and industrial areas. The company was incorporated in 1986 and is headquartered in Sunnyvale, California.",14.4,3.3,4.2,6.9,None Controversy Level,2.0,,Low,4.8,3.5100000000000007,Enterprise,0
SYF,Synchrony Financial,"777 Long Ridge Road
Stamford, CT 06902
United States",Financial Services,Credit Services,20000.0,"Synchrony Financial, together with its subsidiaries, operates as a consumer financial services company in the United States. It provides credit products, such as credit cards, commercial credit products, and consumer installment loans. The company also offers private label credit cards, dual co-brand and general purpose credit cards, short- and long-term installment loans, and consumer banking products; and deposit products, including certificates of deposit, individual retirement accounts, money market accounts, and savings accounts, and sweep and affinity deposits, as well as accepts deposits through third-party securities brokerage firms. In addition, it provides debt cancellation products to its credit card customers through online, mobile, and direct mail; and healthcare payments and financing solutions under the CareCredit and Walgreens brands; payments and financing solutions in the apparel, specialty retail, outdoor, music, and luxury industries, such as American Eagle, Dick's Sporting Goods, Guitar Center, Kawasaki, Pandora, Polaris, Suzuki, and Sweetwater. The company offers its credit products through programs established with a group of national and regional retailers, local merchants, manufacturers, buying groups, industry associations, and healthcare service providers; and deposit products through various channels, such as digital and print. It serves digital, health and wellness, retail, home, auto, telecommunications, jewelry, pets, and other industries. The company was founded in 1932 and is headquartered in Stamford, Connecticut.",17.3,0.1,7.3,9.9,Moderate Controversy Level,2.0,,Low,5.766666666666667,25.773333333333333,Enterprise,0
SMCI,"Super Micro Computer, Inc.","980 Rock Avenue
San Jose, CA 95131
United States",Technology,Computer Hardware,5126.0,"Super Micro Computer, Inc., together with its subsidiaries, develops and manufactures high performance server and storage solutions based on modular and open architecture in the United States, Europe, Asia, and internationally. Its solutions range from complete server, storage systems, modular blade servers, blades, workstations, full racks, networking devices, server sub-systems, server management software, and security software. The company provides application-optimized server solutions, rackmount and blade servers, storage, and subsystems and accessories; and server software management solutions, such as Server Management Suite, including Supermicro Server Manager, Supermicro Power Management software, Supermicro Update Manager, SuperCloud Composer, and SuperDoctor 5. In addition, it offers server subsystems and accessories comprising server boards, chassis, power supplies, and other accessories. Further, the company provides server and storage system integration, configuration, and software upgrade and update services; and technical documentation services, as well as identifies service requirements, creates and executes project plans, and conducts verification testing and technical documentation, and training services. Additionally, it offers help desk and on-site product support services for its server and storage systems; and customer support services, including ongoing maintenance and technical support for its products. The company provides its products to enterprise data centers, cloud computing, artificial intelligence, and 5G and edge computing markets. It sells its products through direct and indirect sales force, distributors, value-added resellers, system integrators, and original equipment manufacturers. The company was incorporated in 1993 and is headquartered in San Jose, California.",21.05,4.05,6.1,8.9,Unknown,2.0,,Unknown,6.349999999999999,5.927500000000002,Large,0
SYK,Stryker Corporation,"1941 Stryker Way
Portage, MI 49002
United States",Healthcare,Medical Devices,52000.0,"Stryker Corporation operates as a medical technology company. The company operates through two segments, MedSurg and Neurotechnology, and Orthopaedics and Spine. The Orthopaedics and Spine segment provides implants for use in total joint replacements, such as hip, knee and shoulder, and trauma and extremities surgeries. This segment also offers spinal implant products comprising cervical and thoracolumbar systems that include fixation, minimally invasive and interbody systems used in spinal injury, complex spine and degenerative therapies. The MedSurg and Neurotechnology segment offers surgical equipment, and surgical navigation systems, endoscopic and communications systems, patient handling, emergency medical equipment and intensive care disposable products, reprocessed and remanufactured medical devices, clinical communication and workflow solutions, and other medical device products that are used in various medical specialties, as well as patient and caregiver safety technologies. This segment also provides neurosurgical, neurovascular and craniomaxillofacial implant products, which include products used for minimally invasive endovascular procedures; products for brain and open skull based surgical procedures; orthobiologic and biosurgery products, such as synthetic bone grafts and vertebral augmentation products; minimally invasive products for the treatment of acute ischemic and hemorrhagic stroke; and craniomaxillofacial implant products, including cranial, maxillofacial, and chest wall devices, as well as dural substitutes and sealants. The company sells its products to doctors, hospitals, and other healthcare facilities through company-owned subsidiaries and branches, as well as third-party dealers and distributors in approximately 75 countries. Stryker Corporation was founded in 1941 and is headquartered in Portage, Michigan.",28.3,4.0,11.0,13.2,Moderate Controversy Level,2.0,,Medium,9.4,23.08,Enterprise,0
STE,Steris Plc,"5960 Heisley Road
Mentor, OH 44060
United States",Healthcare,Medical Devices,18000.0,"STERIS plc provides infection prevention products and services worldwide. It operates through three segments: Healthcare, Applied Sterilization Technologies (AST), and Life Sciences. The Healthcare segment offers cleaning chemistries and sterility assurance products; automated endoscope reprocessing system and tracking products; endoscopy accessories, washers, sterilizers, and other pieces of capital equipment for the operation of a sterile processing department; and equipment used directly in surgical tables, lights, and connectivity solutions, as well as equipment management services. It also provides capital equipment installation, maintenance, upgradation, repair, and troubleshooting services; preventive maintenance programs and repair services; instrument, devices, and endoscope repair and maintenance services; and custom process improvement consulting and outsourced instrument sterile processing services. The AST segment provides contract sterilization and testing services for medical device and pharmaceutical manufacturers through a network of contract sterilization and laboratory facilities, as well as integrated sterilization equipment and control systems to medical device manufacturers and research institutions. The Life Sciences segment designs, manufactures, and sells consumable products, such as pharmaceutical detergents, cleanroom disinfectants and sterilants, pharmaceutical grade and research sterilizers and washers, sterility assurance and maintenance products, vaporized hydrogen peroxide room decontamination systems and sterilizers, and high purity water and pure steam generators. This segment also offers equipment installation, maintenance, upgradation, repair, and troubleshooting services; and preventive maintenance programs and repair services. It serves its products and services to hospitals, other healthcare providers, and pharmaceutical manufacturers. The company was founded in 1985 and is headquartered in Mentor, Ohio.",21.05,4.05,6.1,8.9,Unknown,2.0,,Unknown,6.349999999999999,5.927500000000002,Enterprise,0
SWK,"Stanley Black & Decker, Inc.","1000 Stanley Drive
New Britain, CT 06053
United States",Industrials,Tools & Accessories,50000.0,"Stanley Black & Decker, Inc. provides hand tools, power tools, outdoor products, and related accessories in the United States, Canada, Other Americas, Europe, and Asia. Its Tools & Outdoor segment offers professional grade corded and cordless electric power tools and equipment, including drills, impact wrenches and drivers, grinders, saws, routers, and sanders; pneumatic tools and fasteners, such as nail guns, nails, staplers and staples, and concrete and masonry anchors; corded and cordless electric power tools; hand-held vacuums, paint tools, and cleaning appliances; leveling and layout tools, planes, hammers, demolition tools, clamps, vises, knives, saws, chisels, and industrial and automotive tools; drill, screwdriver, router bits, abrasives, saw blades, and threading products; tool boxes, sawhorses, medical cabinets, and engineered storage solutions; and electric and gas-powered lawn and garden products. This segment sells its products under the DEWALT, CRAFTSMAN, CUB ADET, BLACK+DECKER, and HUSTLER brands through retailers, third-party distributors, independent dealers, and a direct sales force. The company's Industrial segment provides threaded fasteners, blind rivets and tools, blind inserts and tools, drawn arc weld studs and systems, engineered plastic and mechanical fasteners, self-piercing riveting systems, precision nut running systems, micro fasteners, high-strength structural fasteners, axel swage, latches, heat shields, pins, couplings, fitting, and other engineered products; and attachments used on excavators and handheld tools. This segment sells its products through direct sales force and third-party distributors to the automotive, manufacturing, electronics, construction, aerospace, and other industries. The company was formerly known as The Stanley Works and changed its name to Stanley Black & Decker, Inc. in March 2010. Stanley Black & Decker, Inc. was founded in 1843 and is headquartered in New Britain, Connecticut.",25.3,5.0,7.8,12.5,Moderate Controversy Level,2.0,,Medium,8.433333333333334,14.363333333333333,Enterprise,0
LUV,Southwest Airlines Co.,"P.O. Box 36611
Dallas, TX 75235-1611
United States",Industrials,Airlines,74695.0,"Southwest Airlines Co. operates as a passenger airline company that provides scheduled air transportation services in the United States and near-international markets. As of December 31, 2023, the company operated a total fleet of 817 Boeing 737 aircraft; and served 121 destinations in 42 states, the District of Columbia, and the Commonwealth of Puerto Rico, as well as ten near-international countries, including Mexico, Jamaica, the Bahamas, Aruba, the Dominican Republic, Costa Rica, Belize, Cuba, the Cayman Islands, and Turks and Caicos. It also provides inflight entertainment and connectivity services on Wi-Fi enabled aircraft; and Rapid Rewards loyalty program that enables program members to earn points for dollars spent on Southwest base fares. In addition, the company offers a suite of digital platforms to support customers' travel needs, including websites and apps; and SWABIZ, an online booking tool. Further, it provides ancillary services, such as Southwest's EarlyBird Check-In, upgraded boarding, and transportation of pets and unaccompanied minors. Southwest Airlines Co. was incorporated in 1967 and is headquartered in Dallas, Texas.",30.7,11.0,5.9,13.7,Moderate Controversy Level,2.0,,High,10.200000000000001,15.689999999999996,Enterprise,0
SOLV,Solventum Corporation,"3M Center
Building 275-6W 2510 Conway Avenue East
Saint Paul, MN 55144
United States",Healthcare,Health Information Services,22000.0,"Solventum Corporation, a healthcare company, engages in the developing, manufacturing, and commercializing a portfolio of solutions to address critical customer and patient needs. It operates through four segments: Medsurg, Dental Solutions, Health Information Systems, and Purification and Filtration. The Medsurg segment is a provider of solutions including advanced wound care, I.V. site management, sterilization assurance, temperature management, surgical supplies, stethoscopes, and medical electrodes. The Dental Solutions segment provides a comprehensive suite of dental and orthodontic products including brackets, aligners, restorative cements, and bonding agents. The Health Information Systems provides software solutions including computer-assisted, physician documentation, direct-to-bill and coding automation, classification methodologies, speech, recognition, and data visualization platforms. The Purification and Filtration segment provides purification and filtration technologies including filters, purifiers, cartridges, and membranes. The company was incorporated in 2023 and is based in Saint Paul, Minnesota.",21.05,4.05,6.1,8.9,Unknown,2.0,,Unknown,6.349999999999999,5.927500000000002,Enterprise,0
SNA,Snap-on Incorporated,"2801 80th Street
Kenosha, WI 53143
United States",Industrials,Tools & Accessories,13200.0,"Snap-on Incorporated manufactures and markets tools, equipment, diagnostics, and repair information and systems solutions for professional users worldwide. It operates through Commercial & Industrial Group, Snap-on Tools Group, Repair Systems & Information Group, and Financial Services segments. The company provides hand tools, including wrenches, sockets, ratchet wrenches, pliers, screwdrivers, punches and chisels, saws and cutting tools, pruning tools, torque measuring instruments, and other related products; power tools, such as cordless, pneumatic, and hydraulic and corded tools; and tool storage products comprising tool chests, roll cabinets, and other products. It provides handheld and computer-based diagnostic products, service and repair information products, diagnostic software solutions, electronic parts catalogs, business management systems and services, point-of-sale systems, integrated systems for vehicle service shops, original equipment manufacturer purchasing facilitation services, and warranty management systems and analytics; and engineered solutions. In addition, the company offers solutions for the service of vehicles and industrial equipment that include wheel alignment equipment, wheel balancers, tire changers, vehicle lifts, test lane equipment, collision repair equipment, vehicle air conditioning service equipment, brake service equipment, fluid exchange equipment, transmission troubleshooting equipment, safety testing equipment, battery chargers, and hoists, as well as after-sales support services and training programs. Further, it provides financing programs to facilitate the sales of its products and support its franchise business. It serves the aviation and aerospace, agriculture, infrastructure construction, government and military, mining, natural resources, power generation, and technical education industries. Snap-on Incorporated was incorporated in 1920 and is headquartered in Kenosha, Wisconsin.",30.5,9.0,7.6,13.9,Moderate Controversy Level,2.0,,High,10.166666666666666,10.943333333333335,Enterprise,0
NOW,"Servicenow, Inc.","2225 Lawson Lane
Santa Clara, CA 95054
United States",Technology,Software - Application,22668.0,"ServiceNow, Inc. provides end to-end intelligent workflow automation platform solutions for digital businesses in the North America, Europe, the Middle East and Africa, Asia Pacific, and internationally. The company operates the Now platform for end-to-end digital transformation, artificial intelligence, machine learning, robotic process automation, process mining, performance analytics, and collaboration and development tools. It also provides asset management, cloud observability, integrated risk management; information technology (IT) service management applications; IT service management product suite for enterprise's employees, customers, and partners; strategic portfolio management product suite; IT operations management product that connects a customer's physical and cloud-based IT infrastructure; IT asset management; and security operations that connects with internal and third party. In addition, the company offers integrated risk management product to manage risk and resilience; environmental, social and governance management product; human resources, legal, and workplace service delivery products; customer service management product; and field service management applications. Further, the company provides app engine product; automation engine; platform privacy and security product; and source-to-pay operations. It serves to government, financial services, healthcare, telecommunications, manufacturing, IT services, technology, oil and gas, education, and consumer products through service providers and resale partners. The company was formerly known as Service-now.com and changed its name to ServiceNow, Inc. in May 2012. ServiceNow, Inc. was founded in 2004 and is headquartered in Santa Clara, California.",16.6,4.0,6.6,6.0,None Controversy Level,2.0,,Low,5.533333333333334,1.853333333333333,Enterprise,0
SRE,Sempra,"488 8th Avenue
San Diego, CA 92101
United States",Utilities,Utilities - Diversified,16835.0,"Sempra operates as an energy infrastructure company in the United States and internationally. It operates through three segments: Sempra California, Sempra Texas Utilities, and Sempra Infrastructure. The Sempra California segment provides electric services; and natural gas services to San Diego County. As of December 31, 2023, it offered electric services to approximately 3.6 million population and natural gas services to approximately 3.3 million population that covers 4,100 square miles. This segment owns and operates a natural gas distribution, transmission, and storage system that supplies natural gas. As of December 31, 2023, it serves a population of 21 million covering an area of 24,000 square miles. The Sempra Texas Utilities segment engages in the regulated electricity transmission and distribution. As of December 31, 2023, its transmission system included 18,298 circuit miles of transmission lines; 1,257 transmission and distribution substations; interconnection to 173 third-party generation facilities totaling 54,277 MW; and distribution system included approximately 4.0 million points of delivery and consisted of 125,116 miles of overhead and underground lines. The Sempra Infrastructure segment develops, builds, operates, and invests in energy infrastructure to help enable the energy transition in North American markets and worldwide. The company was formerly known as Sempra Energy and changed its name to Sempra in May 2023. Sempra was incorporated in 1996 and is based in San Diego, California.",23.6,10.9,4.9,7.8,Moderate Controversy Level,2.0,,Medium,7.866666666666667,9.003333333333334,Enterprise,0
SBAC,Sba Communications Corp,"8051 Congress Avenue
Boca Raton, FL 33487-1307
United States",Real Estate,Reit - Specialty,1787.0,"SBA Communications Corporation is a leading independent owner and operator of wireless communications infrastructure including towers, buildings, rooftops, distributed antenna systems (DAS) and small cells. With a portfolio of more than 39,000 communications sites throughout the Americas, Africa and in Asia, SBA is listed on NASDAQ under the symbol SBAC. Our organization is part of the S&P 500 and is one of the top Real Estate Investment Trusts (REITs) by market capitalization.",11.6,3.1,5.2,3.2,None Controversy Level,2.0,,Low,3.8333333333333335,1.4033333333333333,Large,0
RTX,Rtx Corporation,"1000 Wilson Boulevard
Arlington, VA 22209
United States",Industrials,Aerospace & Defense,185000.0,"RTX Corporation, an aerospace and defense company, provides systems and services for the commercial, military, and government customers in the United States and internationally. It operates through three segments: Collins Aerospace, Pratt & Whitney, and Raytheon. The Collins Aerospace Systems segment offers aerospace and defense products, and aftermarket service solutions for civil and military aircraft manufacturers and commercial airlines, as well as regional, business, and general aviation, defense, and commercial space operations. This segment also designs, produces, and supports cabin interior, including oxygen systems, food and beverage preparation, storage and galley systems, and lavatory and wastewater management systems; battlespace, test and training range systems, crew escape systems, and simulation and training solutions; information management services; and aftermarket services that include spare parts, overhaul and repair, engineering and technical support, training and fleet management solutions, and asset and information management services. Its Pratt & Whitney segment supplies aircraft engines for commercial, military, business jet, and general aviation customers; and produces, sells, and services military and commercial auxiliary power units. The Raytheon segment provides defensive and offensive threat detection, tracking, and mitigation capabilities for U.S., foreign government, and commercial customers. The company was formerly known as Raytheon Technologies Corporation and changed its name to RTX Corporation in July 2023. RTX Corporation was incorporated in 1934 and is headquartered in Arlington, Virginia.",21.05,4.05,6.1,8.9,Unknown,2.0,,Unknown,6.349999999999999,5.927500000000002,Enterprise,0
ROST,Ross Stores Inc,"5130 Hacienda Drive
Dublin, CA 94568-7579
United States",Consumer Cyclical,Apparel Retail,108000.0,"Ross Stores, Inc., together with its subsidiaries, operates off-price retail apparel and home fashion stores under the Ross Dress for Less and dd's DISCOUNTS brand names in the United States. Its stores primarily offer apparel, accessories, footwear, and home fashions. The company's Ross Dress for Less stores sell its products at department and specialty stores to middle income households; and dd's DISCOUNTS stores sell its products at department and discount stores for households with moderate income. Ross Stores, Inc. was incorporated in 1957 and is headquartered in Dublin, California.",18.2,1.8,5.7,10.8,Moderate Controversy Level,2.0,,Low,6.1000000000000005,20.370000000000008,Enterprise,0
ROP,"Roper Technologies, Inc.","6496 University Parkway
Sarasota, FL 34240
United States",Technology,Software - Application,16800.0,"Roper Technologies, Inc. designs and develops software, and technology enabled products and solutions. It operates through three segments: Application Software, Network Software, and Technology Enabled Products. The Application Software segment offers management, campus solutions, diagnostic and laboratory information management, enterprise software and information solutions, transportation management, financial and compliance management, and cloud-based financial analytics and performance management software; cloud-based software to the property and casualty insurance industry; and software, services, and technologies for foodservice operations. The Network Software segment provides cloud-based data, collaboration, and estimating automation software; electronic marketplace; visual effects and 3D content software; cloud-based software for the life insurance and financial services industries; supply chain software; health care service and software; data analytics and information; and pharmacy software solutions. The Technology Enabled Products segment offers ultrasound accessories; dispensers and metering pumps; wireless sensor network and solutions automated surgical scrub and linen dispensing equipment; water meters; optical and electromagnetic measurement systems; RFID card readers; and medical devices. It distributes and sells its products through direct sales, manufacturers' representatives, resellers, and distributors. The company was formerly known as Roper Industries, Inc. and changed its name to Roper Technologies, Inc. in April 2015. The company was incorporated in 1981 and is based in Sarasota, Florida.",20.4,4.7,6.1,9.7,None Controversy Level,2.0,,Medium,6.833333333333333,6.6533333333333315,Enterprise,0
ROK,"Rockwell Automation, Inc.","1201 South Second Street
Milwaukee, WI 53204
United States",Industrials,Specialty Industrial Machinery,29000.0,"Rockwell Automation, Inc. provides industrial automation and digital transformation solutions in North America, Europe, the Middle East, Africa, the Asia Pacific, and Latin America. The company operates through three segments, Intelligent Devices, Software & Control, and Lifecycle Services. Its solutions include hardware and software products and services. The Intelligent Devices segment offers drives, motion, safety, sensing, industrial components, and configured-to-order products. The Software & Control segment provides control and visualization software and hardware, information software, and network and security infrastructure solutions. The Lifecycle Services segment provides consulting, professional services and solutions, and connected and maintenance services. The company sells its solutions primarily through independent distributors in relation with its direct sales force. It serves discrete end markets, including automotive, semiconductor, and warehousing and logistics, as well as general industries comprising printing and publishing, marine, glass, fiber and textiles, airports, and aerospace; hybrid end markets, such as food and beverage, life sciences, household and personal care, and tire, as well as eco industrial, including water/wastewater, waste management, mass transit, and renewable energy; and process end markets comprising oil and gas, mining, metals, chemicals, pulp and paper, and others. Rockwell Automation, Inc. was founded in 1903 and is headquartered in Milwaukee, Wisconsin.",17.7,5.4,5.7,6.6,Moderate Controversy Level,2.0,,Low,5.8999999999999995,0.3899999999999995,Enterprise,0
RVTY,"Revvity, Inc.","940 Winter Street
Waltham, MA 02451
United States",Healthcare,Diagnostics & Research,11000.0,"Revvity, Inc. provides health sciences solutions, technologies, and services in the Americas, Europe, and Asia, and internationally. The Life Sciences segment provides instruments, reagents, informatics, software, subscriptions, detection, imaging technologies, warranties, training, and services. Its Diagnostics segment provides instruments, reagents, assay platforms, and software products for the early detection of genetic disorders, such as pregnancy and early childhood, as well as infectious disease testing in the diagnostics market. Its products are used for testing and screening genetic abnormalities, disorders, and diseases, including down syndrome, hypothyroidism, muscular dystrophy, infertility, and various metabolic conditions. This segment also develops technologies that enable and support genomic workflows using protein coupled receptor and next-generation DNA sequencing for applications in oncology, immunodiagnostics, and drug discovery. It serves pharmaceutical and biotechnology companies, laboratories, academic and research institutions, public health authorities, private healthcare organizations, doctors, and government agencies under the AutoDELFIA, BACS-on-Beads, BIOCHIPs, Bioo Scientific,BoBs , chemagic, Chitas, DELFIA, DELFIA Xpress, DOPlify, EONIS, EUROArray, EUROIMMUN, EUROLabWorkstation, EUROLINE, EUROPattern, Evolution Evoya, explorer, Fontus, Genoglyphix, GSP, Haoyuan, IDS, IDS-i10 IDS-i10T, IDS-iSYS, iLab, iQ, JANUS, LabChip, LifeCycle, LimsLink, Migele, MultiPROBE, NEXTFLEX, NextPrep, Pannoramic, Panthera Puncher, PG-Seq, PGFind PKamp, PreNAT II, Prime, Protein Clear, ProteinEXact, QSigh, QuantiVac, RONIA, Sciclone, SimplicityChrom, Specimen Gate,Superflex, Symbio, T-SPOT, Touch, Twister, Vanadis, VariSpec, ViaCord VICTOR 2D, and Zephyr brand name. The company was formerly known as PerkinElmer, Inc. and changed its name to Revvity, Inc. in April 2023. Revvity, Inc. was founded in 1937 and is headquartered in Waltham, Massachusetts.",16.7,0.8,5.8,10.1,Moderate Controversy Level,2.0,,Low,5.566666666666666,21.66333333333333,Enterprise,0
RF,Regions Financial Corp.,"1900 Fifth Avenue North
Birmingham, AL 35203
United States",Financial Services,Banks - Regional,20101.0,"Regions Financial Corporation, a financial holding company, provides banking and bank-related services to individual and corporate customers. It operates through three segments: Corporate Bank, Consumer Bank, and Wealth Management. The Corporate Bank segment offers commercial banking services, such as commercial and industrial, commercial real estate, and investor real estate lending; equipment lease financing; deposit products; and securities underwriting and placement, loan syndication and placement, foreign exchange, derivatives, merger and acquisition, and other advisory services. It serves corporate, middle market, and commercial real estate developers and investors. The Consumer Bank segment provides consumer banking products and services related to residential first mortgages, home equity lines and loans, consumer credit cards, and other consumer loans, as well as deposits. The Wealth Management segment offers credit related products, and retirement and savings solutions; and trust and investment management, asset management, and estate planning services to individuals, businesses, governmental institutions, and non-profit entities. It also provides investment and insurance products; low-income housing tax credit corporate fund syndication services; and other specialty financing services. The company was founded in 1971 and is headquartered in Birmingham, Alabama.",16.9,1.8,8.4,6.7,Moderate Controversy Level,2.0,,Low,5.633333333333333,11.743333333333336,Enterprise,0
REGN,Regeneron Pharmaceuticals Inc,"777 Old Saw Mill River Road
Tarrytown, NY 10591-6707
United States",Healthcare,Biotechnology,13677.0,"Regeneron Pharmaceuticals, Inc. discovers, invents, develops, manufactures, and commercializes medicines for treating various diseases worldwide. The company's products include EYLEA injection to treat wet age-related macular degeneration and diabetic macular edema; myopic choroidal neovascularization; diabetic retinopathy; neovascular glaucoma; and retinopathy of prematurity. It also provides Dupixent injection to treat atopic dermatitis and asthma in adults and pediatrics; Libtayo injection to treat metastatic or locally advanced cutaneous squamous cell carcinoma; Praluent injection for heterozygous familial hypercholesterolemia or clinical atherosclerotic cardiovascular disease in adults; REGEN-COV for covid-19; and Kevzara solution for treating rheumatoid arthritis in adults. In addition, the company offers Inmazeb injection for infection caused by Zaire ebolavirus; ARCALYST injection for cryopyrin-associated periodic syndromes, including familial cold auto-inflammatory syndrome and muckle-wells syndrome; and ZALTRAP injection for intravenous infusion to treat metastatic colorectal cancer; and develops product candidates for treating patients with eye, allergic and inflammatory, cardiovascular and metabolic, infectious, and rare diseases; and cancer, pain, and hematologic conditions. It has collaboration with Mammoth Biosciences, Inc. to research, develop and commercialize in vivo CRISPR-based gene editing therapies for multiple tissues and cell types. The company was incorporated in 1988 and is headquartered in Tarrytown, New York.",18.0,0.3,6.7,11.0,Moderate Controversy Level,2.0,,Low,6.0,28.990000000000002,Enterprise,0
REG,Regency Centers Corporation,"One Independent Drive
Suite 114
Jacksonville, FL 32202-5019
United States",Real Estate,Reit - Retail,492.0,"Regency Centers is a preeminent national owner, operator, and developer of shopping centers located in suburban trade areas with compelling demographics. Our portfolio includes thriving properties merchandised with highly productive grocers, restaurants, service providers, and best-in-class retailers that connect to their neighborhoods, communities, and customers. Operating as a fully integrated real estate company, Regency Centers is a qualified real estate investment trust (REIT) that is self-administered, self-managed, and an S&P 500 Index member.",11.7,3.7,4.8,3.2,None Controversy Level,2.0,,Low,3.9,0.6699999999999997,Medium,0
O,Realty Income Corporation,"11995 El Camino Real
San Diego, CA 92130
United States",Real Estate,Reit - Retail,418.0,"Realty Income, The Monthly Dividend Company, is an S&P 500 company and member of the S&P 500 Dividend Aristocrats index. We invest in people and places to deliver dependable monthly dividends that increase over time. The company is structured as a real estate investment trust (""REIT""), and its monthly dividends are supported by the cash flow from over 15,450 real estate properties (including properties acquired in the Spirit merger in January 2024) primarily owned under long-term net lease agreements with commercial clients. To date, the company has declared 644 consecutive monthly dividends on its shares of common stock throughout its 55-year operating history and increased the dividend 123 times since Realty Income's public listing in 1994 (NYSE: O).",15.5,4.4,5.7,5.3,Moderate Controversy Level,2.0,,Low,5.133333333333333,0.44333333333333313,Medium,0
RJF,"Raymond James Financial, Inc.","880 Carillon Parkway
Saint Petersburg, FL 33716
United States",Financial Services,Capital Markets,18000.0,"Raymond James Financial, Inc., a diversified financial services company, provides private client group, capital markets, asset management, banking, and other services to individuals, corporations, and municipalities in the United States, Canada, and Europe. The Private Client Group segment offers investment services, portfolio management services, insurance and annuity products, and mutual funds; support to third-party product partners, including sales and marketing support, as well as distribution and accounting, and administrative services; margin loans; securities borrowing and lending services; diversification strategies and alternative investment products; and custodial, trade execution, research, and other support and services. The Capital Markets segment provides investment banking services, such as equity and debt underwriting, and merger and acquisition advisory services; and fixed income and equity brokerage services. This segment also offers institutional sales, securities trading, equity research, and the syndication and management of investments in low-income housing funds and funds of a similar nature. The Asset Management segment provides asset management, portfolio management, and related administrative services to retail and institutional clients; and administrative support services, such as record-keeping. The Bank segment offers various types of loans, including securities-based, commercial and industrial, commercial real estate and construction, real estate investment trust, residential mortgage, and tax-exempt loans; insured deposit accounts; retail and corporate deposit; and liquidity management products and services. The Other segment is involved in the private equity investments comprising invests in third-party funds. Raymond James Financial, Inc. was founded in 1962 and is headquartered in Saint Petersburg, Florida.",27.0,2.3,13.4,11.2,Moderate Controversy Level,2.0,,Medium,8.966666666666667,34.54333333333334,Enterprise,0
RL,Ralph Lauren Corporation,"650 Madison Avenue
New York, NY 10022
United States",Consumer Cyclical,Apparel Manufacturing,14800.0,"Ralph Lauren Corporation designs, markets, and distributes lifestyle products in North America, Europe, Asia, and internationally. The company offers apparel, including a range of men's, women's, and children's clothing; footwear and accessories, which comprise casual shoes, dress shoes, boots, sneakers, sandals, eyewear, watches, fashion and fine jewelry, scarves, hats, gloves, and umbrellas, as well as leather goods, such as handbags, luggage, small leather goods, and belts; home products consisting of bed and bath lines, furniture, fabric and wallcoverings, floor coverings, lighting, tabletop, kitchen linens, floor coverings, dining, decorative accessories, and giftware; and fragrances. It sells apparel and accessories under the Ralph Lauren Collection, Ralph Lauren Purple Label, Polo Ralph Lauren, Double RL, Lauren Ralph Lauren, Polo Golf Ralph Lauren, Ralph Lauren Golf, RLX Ralph Lauren, Polo Ralph Lauren Children, and Chaps brands; women's fragrances under the Ralph Lauren Collection, Woman by Ralph Lauren, Romance Collection, and Ralph Collection brand names; and men's fragrances under the Ralph's Club, Purple Label, Polo Blue, Polo Red, Polo Green, Polo Black, Polo 67, Safari, Polo Sport, and Big Pony Men's brand names. The company's restaurant collection includes The Polo Bar in New York City; RL Restaurant in Chicago; Ralph's in Paris; The Bar at Ralph Lauren located in Milan; Ralph's Bar located in Chengdu, China; and Ralph's Coffee concept. It sells its products to department stores, specialty stores, and golf and pro shops, as well as directly to consumers through its retail stores, concession-based shop-within-shops, and its digital commerce sites. The company directly operates retail stores and concession-based shop-within-shops; and operates Ralph Lauren stores and stores and shops through licensing partners. Ralph Lauren Corporation was founded in 1967 and is headquartered in New York, New York.",14.6,1.2,5.6,7.8,Moderate Controversy Level,2.0,,Low,4.866666666666666,11.293333333333331,Enterprise,0
PWR,"Quanta Services, Inc.","2727 North Loop West
Houston, TX 77008
United States",Industrials,Engineering & Construction,52500.0,"Quanta Services, Inc. provides infrastructure solutions for the electric and gas utility, renewable energy, communications, and pipeline and energy industries in the United States, Canada, Australia, and internationally. The company's Electric Power Infrastructure Solutions segment engages in the design, procurement, construction, upgrade, repair, and maintenance of electric power transmission and distribution infrastructure and substation facilities; installation, maintenance, and upgrade of electric power infrastructure projects; installation of smart grid technologies on electric power networks; and design, installation, maintenance, and repair of commercial and industrial wirings. This segment also offers aviation services; emergency restoration services; and other engineering and technical services; design and construction solutions to wireline and wireless communications, cable multi-system operators, and other customers; and training for electric workers, as well as training for the gas distribution and communications industries. The company's Renewable Energy Infrastructure Solutions segment is involved in engineering, procurement, construction, repair, and maintenance of wind, solar, and hydropower generation facilities, as well as battery storage facilities; and provision of engineering and construction services for substations and switchyards, transmission, and other electrical infrastructures. The company's Underground Utility and Infrastructure Solutions segment offers design, engineering, procurement, construction, upgrade, repair, and maintenance services for natural gas systems for gas utility customers; fabrication services for pipeline support systems and structures and facilities; and engineering and construction services for pipeline and storage systems, and compressor and pump stations. The company was formerly known as Fabal Construction, Inc. and changed its name to Quanta Services, Inc. in November 1997. The company was incorporated in 1997 and is headquartered in Houston, Texas.",36.9,12.1,9.0,15.7,Moderate Controversy Level,2.0,,High,12.266666666666666,11.24333333333333,Enterprise,0
QRVO,"Qorvo, Inc.","7628 Thorndike Road
Greensboro, NC 27409-9421
United States",Technology,Semiconductors,8700.0,"Qorvo, Inc. engages in development and commercialization of technologies and products for wireless, wired, and power markets worldwide. It operates through three segments: High Performance Analog (HPA), Connectivity and Sensors Group (CSG), and Advanced Cellular Group (ACG). The HPA segment supplies radio frequency and power management solutions for defense and aerospace, and 5G and 6G infrastructure markets. The CSG segment supplies connectivity and sensor solutions featuring various technologies, such as UWB, Matter, Bluetooth Low Energy, Zigbee, Thread, Wi-Fi, cellular IoT, and MEMS-based sensors. It serves smart home, industrial automation, automotive, smartphones, wearables, gaming, and industrial and enterprise access points markets. The ACG segment supplies cellular RF solutions for smartphones, wearables, laptops, tablets, and various other devices. It also offers foundry services for defense primes and other defense and aerospace customers. The company sells its products directly to original equipment manufacturers and original design manufacturers, as well as through a network of sales representative firms and distributors. Qorvo, Inc. was founded in 1957 and is headquartered in Greensboro, North Carolina.",28.5,12.3,7.7,8.5,None Controversy Level,2.0,,Medium,9.5,6.040000000000001,Large,0
PHM,"Pultegroup, Inc.","3350 Peachtree Road NE
Suite 1500
Atlanta, GA 30326
United States",Consumer Cyclical,Residential Construction,6382.0,"PulteGroup, Inc., through its subsidiaries, primarily engages in the homebuilding business in the United States. It acquires and develops land primarily for residential purposes; and constructs housing on such land. The company also offers various home designs, including single-family detached, townhomes, condominiums, and duplexes under the Centex, Pulte Homes, Del Webb, DiVosta Homes, John Wieland Homes and Neighborhoods, and American West brand names. In addition, the company arranges financing through the origination of mortgage loans primarily for homebuyers; sells the servicing rights for the originated loans; and provides title insurance policies, and examination and closing services to homebuyers. PulteGroup, Inc. was founded in 1950 and is headquartered in Atlanta, Georgia.",21.4,9.2,4.9,7.3,Moderate Controversy Level,2.0,,Medium,7.133333333333333,4.643333333333331,Large,0
PEG,Public Service Enterprise Group Incorporated,"80 Park Plaza
Newark, NJ 07102
United States",Utilities,Utilities - Regulated Electric,12543.0,"Public Service Enterprise Group Incorporated, through its subsidiaries, operates in electric and gas utility business in the United States. It operates through PSE&G and PSEG Power segments. The PSE&G segment transmits electricity; distributes electricity and natural gas to residential, commercial, and industrial customers; and appliance services and repairs to customers through its service territory, as well as invests in solar generation projects, and energy efficiency and related programs. The PSEG Power segment engages in nuclear generation businesses; and supplies power and natural gas to nuclear power plants and gas storage facilities activities. As of December 31, 2023, it had electric transmission and distribution system of 25,000 circuit miles and 866,600 poles; 56 switching stations with an installed capacity of 39,953 megavolt-amperes (MVA), and 235 substations with an installed capacity of 10,382 MVA; 109 MVA aggregate installed capacity for substations; four electric distribution headquarters and five electric sub-headquarters; 18,000 miles of gas mains, 12 gas distribution headquarters, two sub-headquarters, and one meter shop, as well as 56 natural gas metering and regulating stations; and 158 MegaWatts defined conditions of installed PV solar capacity. Public Service Enterprise Group Incorporated was founded in 1903 and is based in Newark, New Jersey.",27.2,12.5,5.5,9.3,Moderate Controversy Level,2.0,,Medium,9.1,12.280000000000001,Enterprise,0
PTC,"Ptc, Inc","121 Seaport Boulevard
Boston, MA 02210
United States",Technology,Software - Application,7438.0,"PTC Inc. operates as software company in the Americas, Europe, and the Asia Pacific. The company provides Windchill, a suite that manages all aspects of the product development lifecycle(PLM) that provides real-time information sharing, dynamic data visualization, collaborate across geographically distributed teams, and enabling manufacturers to elevate product development, manufacturing, and field service processes; ThingWorx, a platform for Industrial Internet of Things; ServiceMax, a field service management solutions enable companies to asset uptime with optimized in-person and remote service and technician productivity with mobile tools. and deliver metrics; and Arena, a SaaS PLM solution enables product teams to collaborate virtually to share product and quality information with internal teams and supply chain partners and deliver products to customers. It offers Codebeamer, an application lifecycle management for products and software development; Servigistics, a service parts management solution; and FlexPLM, a solution provides retailers with a single platform for merchandising and line planning, materials management, sampling, and others. In addition, it offers Kepware, a portfolio of industrial connectivity solutions helps companies connect diverse automation devices and software applications; Creo, a 3D CAD technology enables the digital design, testing, and modification of product models; and Onshape, a cloud product development platform that delivers computer-aided design with data management tools. Further, it offers Vuforia, an augmented reality (AR) technology enables the visualization of digital information in a physical context and the creation of AR enabling companies to drive results in manufacturing, service, engineering, and operations; and Arbortext, a dynamic publishing solution streamlines how organizations create, manage, and publish technical documentation. PTC Inc. was incorporated in 1985 and is headquartered in Boston, Massachusetts.",18.9,4.9,5.4,8.6,None Controversy Level,2.0,,Low,6.3,4.0299999999999985,Large,0
PGR,Progressive Corporation,"6300 Wilson Mills Road
Mayfield, OH 44143
United States",Financial Services,Insurance - Property & Casualty,61432.0,"The Progressive Corporation, an insurance holding company, provides personal and commercial auto, personal residential and commercial property, business related general liability, and other specialty property-casualty insurance products and related services in the United States. It operates in three segments: Personal Lines, Commercial Lines, and Property. The Personal Lines segment writes insurance for personal autos and recreational vehicles (RV). This segment's products include personal auto insurance; and special lines products, including insurance for motorcycles, ATVs, RVs, watercrafts, snowmobiles, and related products. The Commercial Lines segment provides auto-related liability and physical damage insurance, and business-related general liability and property insurance for autos, vans, and pick-up trucks used by small businesses, as well as non-fleet taxis, black-car services, and airport taxis; tractors, trailers, and straight trucks primarily used by regional general freight and expeditor-type businesses, and long-haul operators; dump trucks used by light contractors and heavy constructions; log trucks and garbage trucks used by dirt, sand and gravel, logging, garbage/debris removal, and coal-type businesses; and tow trucks and wreckers used in towing services and gas/service station businesses. The Property segment writes residential property insurance for homeowners, other property owners, and renters, as well as offers manufactured homes, personal umbrella insurance, and primary and excess flood insurance. The company offers policy issuance and claims adjusting services; acts as an agent to homeowners, general liability, workers' compensation insurance, and other products; and reinsurance services. It sells its products through independent insurance agencies, as well as through mobile applications and over the phone. The Progressive Corporation was founded in 1937 and is headquartered in Mayfield Village, Ohio.",20.0,1.5,10.1,8.5,Moderate Controversy Level,2.0,,Medium,6.7,20.919999999999998,Enterprise,0
PPL,Ppl Corporation,"Two North Ninth Street
Allentown, PA 18101-1179
United States",Utilities,Utilities - Regulated Electric,6629.0,"PPL Corporation, an energy company, focuses on providing electricity and natural gas to approximately 3.6 million customers in the United States. It operates through three segments: Kentucky Regulated, Pennsylvania Regulated, and Rhode Island Regulated. The company delivers electricity to customers in Pennsylvania, Kentucky, Virginia, and Rhode Island; delivers natural gas to customers in Kentucky and Rhode Island; and generates electricity from power plants in Kentucky. PPL Corporation was founded in 1920 and is headquartered in Allentown, Pennsylvania.",31.3,17.1,5.3,8.9,Moderate Controversy Level,2.0,,High,10.433333333333334,36.57333333333334,Large,0
PPG,"Ppg Industries, Inc.","One PPG Place
Pittsburgh, PA 15272
United States",Basic Materials,Specialty Chemicals,50000.0,"PPG Industries, Inc. manufactures and distributes paints, coatings, and specialty materials in the United States, Canada, the Asia Pacific, Latin America, Europe, the Middle East, and Africa. It operates through two segments, Performance Coatings and Industrial Coatings. The Performance Coatings segment offers coatings, solvents, adhesives, sealants, sundries, and software for automotive and commercial transport/fleet repair and refurbishing, light industrial coatings, and specialty coatings for signs; wood stains; paints, thermoplastics, pavement marking products, and other advanced technologies for pavement marking for government, commercial infrastructure, painting, and maintenance contractors; and coatings, sealants, transparencies, transparent armor, adhesives, engineered materials, and packaging and chemical management services for commercial, military, regional jet, and general aviation aircraft. The Industrial Coatings segment offers coatings, adhesives and sealants, and metal pretreatments, as well as services and coatings applications for appliances, agricultural and construction equipment, consumer electronics, automotive parts and accessories, building products, kitchenware, and transportation vehicles and other finished products; and on-site coatings services. It also provides coatings for metal cans, closures, plastic and aluminum tubes for food, beverage and personal care, promotional, and specialty packaging; amorphous precipitated silica for tire, battery separator, and other end-uses; TESLIN substrates for labels, e-passports, drivers' licenses, breathable membranes, and loyalty and identification cards; and organic light emitting diode materials, displays and lighting lens materials, optical lenses, color-change products, and photochromic dyes. PPG Industries, Inc. was incorporated in 1883 and is headquartered in Pittsburgh, Pennsylvania.",25.2,11.0,6.5,7.7,Moderate Controversy Level,2.0,,Medium,8.4,5.43,Enterprise,0
POOL,Pool Corporation,"109 Northpark Boulevard
Covington, LA 70433-5001
United States",Industrials,Industrial Distribution,6000.0,"Pool Corporation distributes swimming pool supplies, equipment, and related leisure products in the United States and internationally. The company offers maintenance products, including chemicals, supplies, and pool accessories; repair and replacement parts for pool equipment, such as cleaners, filters, heaters, pumps, and lights; and building materials, such as concrete, plumbing and electrical components, functional and decorative pool surfaces, decking materials, tiles, hardscapes, and natural stones for pool installations and remodeling. It also provides pool equipment and components for new pool construction and the remodeling of existing pools; irrigation and related products, such as irrigation system components, and professional turf care equipment and supplies; commercial products, including heaters, safety equipment, commercial decking equipment, and commercial pumps and filters. In addition, the company offers fiberglass pools, and hot tubs and packaged pool kits comprising walls, liners, braces, and coping for in-ground and above-ground pools; and other pool construction and recreational products comprising discretionary recreational and related outdoor living products, such as grills and components for outdoor kitchens. It serves swimming pool remodelers and builders; specialty retailers that sell swimming pool supplies; swimming pool repair and service businesses; irrigation construction and landscape maintenance contractors; and commercial pool operators and pool contractors. Pool Corporation was incorporated in 1993 and is headquartered in Covington, Louisiana.",21.05,4.05,6.1,8.9,Unknown,2.0,,Unknown,6.349999999999999,5.927500000000002,Large,0
PYPL,"Paypal Holdings, Inc.","2211 North First Street
San Jose, CA 95131
United States",Financial Services,Credit Services,27200.0,"PayPal Holdings, Inc. operates a technology platform that enables digital payments on behalf of merchants and consumers worldwide. It operates a two-sided network at scale that connects merchants and consumers that enables its customers to connect, transact, and send and receive payments through online and in person, as well as transfer and withdraw funds using various funding sources, such as bank accounts, PayPal or Venmo account balance, PayPal and Venmo branded credit products comprising its installment products, credit and debit cards, and cryptocurrencies, as well as other stored value products, including gift cards and eligible rewards. The company provides payment solutions under the PayPal, PayPal Credit, Braintree, Venmo, Xoom, Zettle, Hyperwallet, Honey, and Paidy names. The company was founded in 1998 and is headquartered in San Jose, California.",17.8,2.8,5.8,9.2,Moderate Controversy Level,2.0,,Low,5.933333333333334,10.25333333333333,Enterprise,0
PAYC,"Paycom Software, Inc.","7501 West Memorial Road
Oklahoma City, OK 73142
United States",Technology,Software - Application,7308.0,"Paycom Software, Inc. provides cloud-based human capital management (HCM) solution delivered as software-as-a-service for small to mid-sized companies in the United States. It offers functionality and data analytics that businesses need to manage the employment life cycle from recruitment to retirement. The company's HCM solution provides a suite of applications in the areas of talent acquisition, including applicant tracking, candidate tracker, background checks, on-boarding, e-verify, and tax credit services; and time and labor management, such as time and attendance, scheduling, time-off requests, labor allocation, labor management reports/push reporting, geofencing/geotracking, and Microfence, a proprietary Bluetooth. Its HCM solution also offers payroll applications comprising better employee transaction interface, payroll and tax management, payroll card, Everyday, Paycom pay, Client Action Center, expense management, mileage tracker/fixed and variable rates, garnishment administration, and GL concierge applications; and talent management applications that include employee self-service, compensation budgeting, performance management, position management, and Paycom learning, as well as my analytics. In addition, its HCM solution provides manager on-the-go that gives supervisors and managers the ability to perform a variety of tasks, such as approving time-off requests and expense reimbursements; direct data exchange; ask here, a tool for direct line of communication to ask work-related questions; document and checklist; government and compliance; benefits administration/benefits to carrier; benefit enrollment service; COBRA administration; personnel action and performance discussion forms; surveys; 401(k) reporting; report center; and affordable care act applications, as well as Clue, which securely collects, tracks, and manages the vaccination and testing data of the workforce. Paycom Software, Inc. was founded in 1998 and is based in Oklahoma City, Oklahoma.",21.05,4.05,6.1,8.9,Unknown,2.0,,Unknown,6.349999999999999,5.927500000000002,Large,0
PH,Parker-Hannifin Corporation,"6035 Parkland Boulevard
Cleveland, OH 44124-4141
United States",Industrials,Specialty Industrial Machinery,62730.0,"Parker-Hannifin Corporation manufactures and sells motion and control technologies and systems for various mobile, industrial, and aerospace markets worldwide. The company operates through two segments: Diversified Industrial and Aerospace Systems. The Diversified Industrial segment offers sealing, shielding, thermal products and systems, adhesives, coatings, and noise vibration and harshness solutions; filters, systems, and diagnostics solutions to ensure purity and remove contaminants from fuel, air, oil, water, and other liquids and gases; connectors used in fluid and gas handling; and hydraulic, pneumatic, and electromechanical components and systems for builders and users of mobile and industrial machinery and equipment. This segment sells its products to original equipment manufacturers (OEMs) and distributors who serve the replacement markets in manufacturing, packaging, processing, transportation, construction, refrigeration and air conditioning, agricultural, and military machinery and equipment industries. The Aerospace Systems segment offers products for use in commercial and military airframe and engine programs, such as control actuation systems and components, engine build-up ducting, engine exhaust nozzles and assemblies, engine systems and components, fluid conveyance systems and components, fuel systems and components, fuel tank inerting systems, hydraulic systems and components, lubrication components, avionics, sensors, pneumatic control components, thermal management products, fire detection and suppression systems and components, and wheels and brakes, as well as fluid metering, delivery, and atomization devices. This segment markets its products directly to OEMs and end users. The company markets its products through direct-sales employees, independent distributors, and sales representatives. Parker-Hannifin Corporation was founded in 1917 and is headquartered in Cleveland, Ohio.",29.5,9.5,6.2,13.8,Moderate Controversy Level,2.0,,Medium,9.833333333333334,14.523333333333335,Enterprise,0
OTIS,Otis Worldwide Corporation,"One Carrier Place
Farmington, CT 06032
United States",Industrials,Specialty Industrial Machinery,71000.0,"Otis Worldwide Corporation engages in manufacturing, installation, and servicing of elevators and escalators in the United States, China, and internationally. The company operates in two segments, New Equipment and Service. The New Equipment segment designs, manufactures, sells, and installs a range of passenger and freight elevators, as well as escalators and moving walkways for residential and commercial buildings, and infrastructure projects. This segment serves real-estate and building developers, and general contractors. It sells its products directly to customers, as well as through agents and distributors. The Service segment performs maintenance and repair services, as well as modernization services to upgrade elevators and escalators. Otis Worldwide Corporation was founded in 1853 and is headquartered in Farmington, Connecticut.",21.05,4.05,6.1,8.9,Unknown,2.0,,Unknown,6.349999999999999,5.927500000000002,Enterprise,0
ORCL,Oracle Corp,"2300 Oracle Way
Austin, TX 78741
United States",Technology,Software - Infrastructure,164000.0,"Oracle Corporation offers products and services that address enterprise information technology environments worldwide. Its Oracle cloud software as a service offering include various cloud software applications, including Oracle Fusion cloud enterprise resource planning (ERP), Oracle Fusion cloud enterprise performance management, Oracle Fusion cloud supply chain and manufacturing management, Oracle Fusion cloud human capital management, Oracle Cerner healthcare, Oracle Advertising, and NetSuite applications suite, as well as Oracle Fusion Sales, Service, and Marketing. The company also offers cloud-based industry solutions for various industries; Oracle application licenses; and Oracle license support services. In addition, it provides cloud and license business' infrastructure technologies, such as the Oracle Database and MySQL Database; Java, a software development language; and middleware, including development tools and others. The company's cloud and license business' infrastructure technologies also comprise cloud-based compute, storage, and networking capabilities; and Oracle autonomous database, MySQL HeatWave, Internet-of-Things, digital assistant, and blockchain. Further, it provides hardware products and other hardware-related software offerings, including Oracle engineered systems, enterprise servers, storage solutions, industry-specific hardware, virtualization software, operating systems, management software, and related hardware services; and consulting and customer services. The company markets and sells its cloud, license, hardware, support, and services offerings directly to businesses in various industries, government agencies, and educational institutions, as well as through indirect channels. The company has a collaboration with Amdocs Limited to empower customers on their journey towards cloud and digital adoption. Oracle Corporation was founded in 1977 and is headquartered in Austin, Texas.",13.9,0.5,5.6,7.8,Moderate Controversy Level,2.0,,Low,4.633333333333334,14.023333333333332,Enterprise,0
ODFL,Old Dominion Freight Line,"500 Old Dominion Way
Thomasville, NC 27360
United States",Industrials,Trucking,22891.0,"Old Dominion Freight Line, Inc. operates as a less-than-truckload motor carrier in the United States and North America. The company offers regional, inter-regional, and national less-than-truckload services, as well as expedited transportation. It also provides various value-added services, including container drayage, truckload brokerage, and supply chain consulting. As of December 31, 2023, it owned and operated 10,791 tractors, 31,233 linehaul trailers, and 15,181 pickup and delivery trailers; 46 fleet maintenance centers; and 257 service centers. Old Dominion Freight Line, Inc. was founded in 1934 and is headquartered in Thomasville, North Carolina.",21.05,4.05,6.1,8.9,Unknown,2.0,,Unknown,6.349999999999999,5.927500000000002,Enterprise,0
OXY,Occidental Petroleum Corporation,"5 Greenway Plaza
Suite 110
Houston, TX 77046-0521
United States",Energy,Oil & Gas E&P,12570.0,"Occidental Petroleum Corporation, together with its subsidiaries, engages in the acquisition, exploration, and development of oil and gas properties in the United States, the Middle East, and North Africa. It operates through three segments: Oil and Gas, Chemical, and Midstream and Marketing. The company's Oil and Gas segment explores for, develops, and produces oil and condensate, natural gas liquids (NGLs), and natural gas. Its Chemical segment manufactures and markets basic chemicals, including chlorine, caustic soda, chlorinated organics, potassium chemicals, ethylene dichloride, chlorinated isocyanurates, sodium silicates, and calcium chloride; and vinyls comprising vinyl chloride monomer, polyvinyl chloride, and ethylene. The Midstream and Marketing segment gathers, processes, transports, stores, purchases, and markets oil, condensate, NGLs, natural gas, carbon dioxide, and power. This segment also invests in entities. Occidental Petroleum Corporation was founded in 1920 and is headquartered in Houston, Texas.",41.7,25.0,7.0,9.7,Moderate Controversy Level,2.0,,High,13.9,94.23,Enterprise,0
NVDA,Nvidia Corp,"2788 San Tomas Expressway
Santa Clara, CA 95051
United States",Technology,Semiconductors,29600.0,"NVIDIA Corporation provides graphics and compute and networking solutions in the United States, Taiwan, China, Hong Kong, and internationally. The Graphics segment offers GeForce GPUs for gaming and PCs, the GeForce NOW game streaming service and related infrastructure, and solutions for gaming platforms; Quadro/NVIDIA RTX GPUs for enterprise workstation graphics; virtual GPU or vGPU software for cloud-based visual and virtual computing; automotive platforms for infotainment systems; and Omniverse software for building and operating metaverse and 3D internet applications. The Compute & Networking segment comprises Data Center computing platforms and end-to-end networking platforms, including Quantum for InfiniBand and Spectrum for Ethernet; NVIDIA DRIVE automated-driving platform and automotive development agreements; Jetson robotics and other embedded platforms; NVIDIA AI Enterprise and other software; and DGX Cloud software and services. The company's products are used in gaming, professional visualization, data center, and automotive markets. It sells its products to original equipment manufacturers, original device manufacturers, system integrators and distributors, independent software vendors, cloud service providers, consumer internet companies, add-in board manufacturers, distributors, automotive manufacturers and tier-1 automotive suppliers, and other ecosystem participants. NVIDIA Corporation was incorporated in 1993 and is headquartered in Santa Clara, California.",13.6,2.3,6.3,4.9,Moderate Controversy Level,2.0,,Low,4.5,4.12,Enterprise,0
NUE,Nucor Corporation,"1915 Rexford Road
Charlotte, NC 28211
United States",Basic Materials,Steel,32000.0,"Nucor Corporation engages in manufacture and sale of steel and steel products. It operates in three segments: steel mills, steel products, and raw materials. The Steel Mills segment produces hot-rolled, cold-rolled, and galvanized sheet steel products; plate steel products; wide-flange beams, beam blanks, and H-piling and sheet piling structural steel products; bar steel products, such as blooms, billets, concrete reinforcing and merchant bars, and engineered special bar quality products; and engages in the steel trading and rebar distribution businesses. This segment sells its products to steel service centers, fabricators, and manufacturers in the United States, Canada, and Mexico. The Steel Products segment offers steel joists and joist girders, steel decks, and galvanized torque tubes for used in solar arrays, hollow structural section steel tubing, electrical conduit, fabricated concrete reinforcing steel, cold finished steel, steel fasteners, steel grating and expanded metal, wire and wire mesh, metal building systems, insulated metal panels, steel racking, overhead doors, and utility towers and structures for communications and energy transmission. This segment is also involved in the piling distribution business. The Raw Materials segment produces direct reduced iron (DRI); brokers ferrous and nonferrous metals, pig iron, hot briquetted iron, and DRI; supplies ferro-alloys; processes ferrous and nonferrous scrap metal; and engages in the natural gas production and industrial gas business. This segment sells its ferrous scrap to electric arc furnace steel mills and foundries for manufacturing process; and nonferrous scrap metal to aluminum can producers, secondary aluminum smelters, steel mills and other processors, and consumers of various nonferrous metals. It markets its products through in-house sales force; and internal distribution and trading companies. Nucor Corporation was founded in 1905 and is headquartered in Charlotte, North Carolina.",32.8,9.3,8.8,14.7,Moderate Controversy Level,2.0,,High,10.933333333333332,10.703333333333328,Enterprise,0
NRG,"Nrg Energy, Inc.","910 Louisiana Street
Houston, TX 77002
United States",Utilities,Utilities - Independent Power Producers,18131.0,"NRG Energy, Inc., together with its subsidiaries, operates as an energy and home services company in the United States and Canada. It operates through Texas; East; West/Services/Other; Vivint Smart Home; and Corporate Activities segments. The company produces and sells electricity generated using coal, oil, solar, and battery storage; natural gas; and a cloud-based home platform, including hardware, software, sales, installation, customer service, technical support, and professional monitoring solutions. It offers retail electricity and energy management, line and surge protection products, HVAC installation, repair and maintenance, home protection products, carbon offsets, back-up power stations, portable power, portable solar, and portable lighting; retail services comprising demand response, commodity sales, energy efficiency, and energy management solutions; and system power, distributed generation, renewable and low-carbon products, carbon management and specialty services, backup generation, storage and distributed solar, and energy advisory services. In addition, the company trades in power, natural gas, and related commodities; environmental products; weather products; and financial products, including forwards, futures, options, and swaps. It offers its products and services under the NRG, Reliant, Direct Energy, Green Mountain Energy, and Vivint. It serves residential, commercial, government, industrial, and wholesale customers. NRG Energy, Inc. was founded in 1989 and is headquartered in Houston, Texas.",32.0,16.8,5.7,9.5,Moderate Controversy Level,2.0,,High,10.666666666666666,31.823333333333338,Enterprise,0
NCLH,Norwegian Cruise Line Holdings Ltd.s,"7665 Corporate Center Drive
Miami, FL 33126
United States",Consumer Cyclical,Travel Services,41000.0,"Norwegian Cruise Line Holdings Ltd., together with its subsidiaries, operates as a cruise company in North America, Europe, the Asia-Pacific, and internationally. The company operates through the Norwegian Cruise Line, Oceania Cruises, and Regent Seven Seas Cruises brands. It offers itineraries ranging from three days to a 180-days calling on various ports, including Scandinavia, Northern Europe, the Mediterranean, the Greek Isles, Alaska, Canada and New England, Hawaii, Asia, Tahiti and the South Pacific, Australia and New Zealand, Africa, India, South America, the Panama Canal, and the Caribbean. It distributes its products through retail/travel advisor and onboard cruise sales channels, as well as meetings, incentives, and charters. Norwegian Cruise Line Holdings Ltd. was founded in 1966 and is based in Miami, Florida.",25.9,9.0,6.1,10.9,Moderate Controversy Level,2.0,,Medium,8.666666666666666,5.8433333333333355,Enterprise,0
NOC,Northrop Grumman Corp.,"2980 Fairview Park Drive
Falls Church, VA 22042
United States",Industrials,Aerospace & Defense,101000.0,"Northrop Grumman Corporation operates as an aerospace and defense technology company in the United States, Asia/Pacific, Europe, and internationally. The company's Aeronautics Systems segment designs, develops, manufactures, integrates, and sustains aircraft systems. This segment also offers unmanned autonomous aircraft systems, including high-altitude long-endurance strategic ISR systems and vertical take-off and landing tactical ISR systems; and strategic long-range strike aircraft, tactical fighter and air dominance aircraft, and airborne battle management and command and control systems. Its Defense Systems segment designs, develops, integrates, and produces tactical weapons and missile defense solutions, and provides sustainment, modernization, and training services for manned and unmanned aircraft and electronics systems. It also offers integrated, all-domain command, and control battle management systems, precision strike weapons; high speed air-breathing and hypersonic systems; high-performance gun systems, ammunition, precision munitions and advanced fuzes; aircraft and mission systems logistics support, sustainment, operations and modernization; and warfighter training services. The company's Mission Systems segment offers command, control, communications and computers, intelligence, surveillance, and reconnaissance systems; radar, electro-optical/infrared and acoustic sensors; electronic warfare systems; advanced communications and network systems; cyber solutions; intelligence processing systems; navigation; and maritime power, propulsion, and payload launch systems. Its Space Systems segment offers satellites, spacecraft systems, subsystems, sensors, and payloads; ground systems; missile defense systems and interceptors; launch vehicles and related propulsion systems; and strategic missiles. Northrop Grumman Corporation was founded in 1939 and is based in Falls Church, Virginia.",27.5,7.8,5.4,14.4,Moderate Controversy Level,2.0,,Medium,9.200000000000001,21.72,Enterprise,0
NTRS,Northern Trust Corp,"50 South La Salle Street
Chicago, IL 60603
United States",Financial Services,Asset Management,23000.0,"Northern Trust Corporation, a financial holding company, provides wealth management, asset servicing, asset management, and banking solutions for corporations, institutions, families, and individuals worldwide. It operates in two segments, Asset Servicing and Wealth Management. The Asset Servicing segment offers asset servicing and related services, including custody, fund administration, investment operations outsourcing, investment management, investment risk and analytical services, employee benefit services, securities lending, foreign exchange, treasury management, brokerage services, transition management services, banking, and cash management services. This segment serves corporate and public retirement funds, foundations, endowments, fund managers, insurance companies, sovereign wealth funds, and other institutional investors. The Wealth Management segment offers trust, investment management, custody, and philanthropic; financial consulting; guardianship and estate administration; family business consulting; family financial education; brokerage services; and private and business banking services. This segment serves high-net-worth individuals and families, business owners, executives, professionals, retirees, and established privately held businesses. The company also provides asset management services, such as active and passive equity; active and passive fixed income; cash management; muti-asset and alternative asset classes comprising private equity and hedge funds of funds; and multi-manager advisory services and products through separately managed accounts, bank common and collective funds, registered investment companies, exchange traded funds, non-U.S. collective investment funds, and unregistered private investment funds. In addition, it offers overlay and other risk management services. Northern Trust Corporation was founded in 1889 and is headquartered in Chicago, Illinois.",23.9,1.9,10.2,11.8,Moderate Controversy Level,2.0,,Medium,7.966666666666666,28.24333333333334,Enterprise,0
NEE,"Nextra Energy, Inc.","700 Universe Boulevard
Juno Beach, FL 33408
United States",Utilities,Utilities - Regulated Electric,16800.0,"NextEra Energy, Inc., through its subsidiaries, generates, transmits, distributes, and sells electric power to retail and wholesale customers in North America. The company generates electricity through wind, solar, nuclear,natural gas, and other clean energy. It also develops, constructs, and operates long-term contracted assets that consists of clean energy solutions, such as renewable generation facilities, battery storage projects, and electric transmission facilities; sells energy commodities; and owns, develops, constructs, manages and operates electric generation facilities in wholesale energy markets. The company had approximately 33,276 megawatts of net generating capacity; approximately 90,000 circuit miles of transmission and distribution lines; and 883 substations. It serves approximately 12 million people through approximately 5.9 million customer accounts in the east and lower west coasts of Florida. The company was formerly known as FPL Group, Inc. and changed its name to NextEra Energy, Inc. in 2010. NextEra Energy, Inc. was founded in 1925 and is headquartered in Juno Beach, Florida.",23.3,9.4,5.6,8.3,Moderate Controversy Level,2.0,,Medium,7.766666666666668,3.823333333333335,Enterprise,0
NWS,News Corporation Class B,"1211 Avenue of the Americas
New York, NY 10036
United States",Communication Services,Entertainment,25000.0,"News Corporation, a media and information services company, creates and distributes authoritative and engaging content, and other products and services for consumers and businesses worldwide. It operates in six segments: Digital Real Estate Services, Subscription Video Services, Dow Jones, Book Publishing, News Media, and Other. The company distributes content and data products, including The Wall Street Journal, Barron's, MarketWatch, Investor's Business Daily, Factiva, Dow Jones Risk & Compliance, Dow Jones Newswires, and OPIS through various media channels, such as newspapers, newswires, websites, mobile apps, newsletters, magazines, proprietary databases, live journalism, video, and podcasts. It also owns and operates Monday to Friday, Saturday and Sunday, weekly, and bi-weekly newspapers comprising The Australian, The Weekend Australian, The Daily Telegraph, The Sunday Telegraph, Herald Sun, Sunday Herald Sun, The Courier Mail, The Sunday Mail, The Advertiser, Sunday Mail, The Sun, The Sun on Sunday, The Times, The Sunday Times, and New York Post, as well as digital mastheads and other websites. In addition, the company publishes general fiction, nonfiction, children's, and religious books; provides sports, entertainment, and news services to pay-TV and streaming subscribers, and other commercial licensees through satellite and internet distribution; and broadcasts rights to live sporting events. Further, it offers property and property-related advertising and services on its websites and mobile applications; digital real estate services; and financial services. News Corporation was founded in 2012 and is headquartered in New York, New York.",21.05,4.05,6.1,8.9,Unknown,2.0,,Unknown,6.349999999999999,5.927500000000002,Enterprise,0
NWSA,News Corporation Class A,"1211 Avenue of the Americas
New York, NY 10036
United States",Communication Services,Entertainment,25000.0,"News Corporation, a media and information services company, creates and distributes authoritative and engaging content, and other products and services for consumers and businesses worldwide. It operates in six segments: Digital Real Estate Services, Subscription Video Services, Dow Jones, Book Publishing, News Media, and Other. The company distributes content and data products, including The Wall Street Journal, Barron's, MarketWatch, Investor's Business Daily, Factiva, Dow Jones Risk & Compliance, Dow Jones Newswires, and OPIS through various media channels, such as newspapers, newswires, websites, mobile apps, newsletters, magazines, proprietary databases, live journalism, video, and podcasts. It also owns and operates Monday to Friday, Saturday and Sunday, weekly, and bi-weekly newspapers comprising The Australian, The Weekend Australian, The Daily Telegraph, The Sunday Telegraph, Herald Sun, Sunday Herald Sun, The Courier Mail, The Sunday Mail, The Advertiser, Sunday Mail, The Sun, The Sun on Sunday, The Times, The Sunday Times, and New York Post, as well as digital mastheads and other websites. In addition, the company publishes general fiction, nonfiction, children's, and religious books; provides sports, entertainment, and news services to pay-TV and streaming subscribers, and other commercial licensees through satellite and internet distribution; and broadcasts rights to live sporting events. Further, it offers property and property-related advertising and services on its websites and mobile applications; digital real estate services; and financial services. News Corporation was founded in 2012 and is headquartered in New York, New York.",11.5,0.0,6.7,4.7,Moderate Controversy Level,2.0,,Low,3.8000000000000003,11.830000000000002,Enterprise,0
NFLX,Netflix Inc,"121 Albright Way
Los Gatos, CA 95032
United States",Communication Services,Entertainment,13000.0,"Netflix, Inc. provides entertainment services. It offers TV series, documentaries, feature films, and games across various genres and languages. The company also provides members the ability to receive streaming content through a host of internet-connected devices, including TVs, digital video players, TV set-top boxes, and mobile devices. It has operations in approximately 190 countries. The company was incorporated in 1997 and is headquartered in Los Gatos, California.",16.4,0.1,9.0,7.3,Moderate Controversy Level,2.0,,Low,5.466666666666666,22.323333333333334,Enterprise,0
MS,Morgan Stanley,"1585 Broadway
New York, NY 10036
United States",Financial Services,Capital Markets,80000.0,"Morgan Stanley, a financial holding company, provides various financial products and services to corporations, governments, financial institutions, and individuals in the Americas, Europe, the Middle East, Africa, and Asia. It operates through Institutional Securities, Wealth Management, and Investment Management segments. The Institutional Securities segment offers capital raising and financial advisory services, including services related to the underwriting of debt, equity, and other securities, as well as advice on mergers and acquisitions, restructurings, real estate, and project finance. This segment also provides equity and fixed income products comprising sales, financing, prime brokerage, and market-making services; foreign exchange and commodities; corporate and commercial real estate loans, commercial mortgage and secured lending facilities, and financing for sales and trading customers, and asset-backed and mortgage lending; and wealth management services, investment, and research services. The Wealth Management segment offers financial advisor-led brokerage, custody, administrative, and investment advisory services; self-directed brokerage services; financial and wealth planning services; workplace services, including stock plan administration; annuity and insurance products; securities-based lending, residential real estate loans, and other lending products; banking; and retirement plan services to individual investors and small to medium-sized businesses and institutions. The Investment Management segment provides equity, fixed income, alternatives and solutions, and liquidity and overlay services to benefit/defined contribution plans, foundations, endowments, government entities, sovereign wealth funds, insurance companies, third-party fund sponsors, corporations, and individuals through institutional and intermediary channels. The company was founded in 1924 and is headquartered in New York, New York.",24.6,1.1,10.5,12.9,Moderate Controversy Level,2.0,,Medium,8.166666666666666,38.89333333333334,Enterprise,0
MCO,Moody's Corporation,"7 World Trade Center
250 Greenwich Street
New York, NY 10007
United States",Financial Services,Financial Data & Stock Exchanges,15439.0,"Moody's Corporation operates as an integrated risk assessment firm worldwide. It operates in two segments, Moody's Analytics and Moody's Investors Services. The Moody's Analytics segment develops a range of products and services that support the risk management activities of institutional participants in financial markets. It also offers credit research, credit models and analytics, economics data and models, and structured finance solutions; data sets on companies and securities; and SaaS solutions supporting banking, insurance, and know your customer workflows. The Moody's Investors Service segment publishes credit ratings and provides assessment services on various debt obligations, programs and facilities, and entities that issue such obligations, such as various corporate, financial institution, and governmental obligations, as well as structured finance securities. The company was formerly known as Dun and Bradstreet Company and changed its name to Moody's Corporation in September 2000. Moody's Corporation was founded in 1900 and is headquartered in New York, New York.",15.8,1.6,8.1,6.1,Moderate Controversy Level,2.0,,Low,5.266666666666667,11.083333333333332,Enterprise,0
MNST,Monster Beverage Corporation,"1 Monster Way
Corona, CA 92879
United States",Consumer Defensive,Beverages - Non-Alcoholic,5254.0,"Monster Beverage Corporation, through its subsidiaries, engages in development, marketing, sale, and distribution of energy drink beverages and concentrates in the United States and internationally. The company operates through three segments: Monster Energy Drinks, Strategic Brands, Alcohol Brands, and Other. It offers carbonated non-carbonated energy drinks, ready-to-drink iced teas, lemonades, juice cocktails, single-serve juices and fruit beverages, ready-to-drink dairy and coffee drinks, energy drinks, sports drinks and single-serve still waters, and sodas that are considered natural, sparkling juices, and flavored sparkling beverages. The company sells its products to full service beverage bottlers/distributors, retail grocery and specialty chains, wholesalers, club stores, mass merchandisers, convenience chains, food service customers, value stores, e-commerce retailers, and the military; and concentrates and/or beverage bases to authorized bottling and canning operations. It provides its products under the Monster Energy, Monster Energy Ultra, Monster Rehab, Monster Energy Nitro, Java Monster, Punch Monster, Juice Monster, Muscle Monster, Espresso Monster, Monster Tour Water, Fury, Monster MAXX, Caffe Monster, Monster Hydro, Monster HydroSport Super Fuel, Monster Dragon Tea, Reign Total Body Fuel, and Reign Inferno Thermogenic Fuel, Reign Storm, Bang Energy, NOS, Full Throttle, Burn, Mother, Nalu, Ultra Energy, Play and Power Play (stylized), Relentless, BPM, BU, Gladiator, Samurai, Live+, Predator, and Fury brands. The company was formerly known as Hansen Natural Corporation and changed its name to Monster Beverage Corporation in January 2012. Monster Beverage Corporation was founded in 1985 and is headquartered in Corona, California.",29.2,12.1,5.1,12.0,Moderate Controversy Level,2.0,,Medium,9.733333333333334,16.103333333333335,Large,0
MPWR,"Monolithic Power Systems, Inc.","5808 Lake Washington Boulevard NE
Kirkland, WA 98033
United States",Technology,Semiconductors,3564.0,"Monolithic Power Systems, Inc. engages in the design, development, marketing, and sale of semiconductor-based power electronics solutions for the storage and computing, automotive, enterprise data, consumer, communications, and industrial markets. The company provides direct current (DC) to DC integrated circuits (ICs) that are used to convert and control voltages of various electronic systems, such as cloud-based CPU servers, server artificial intelligence applications, storage applications, commercial notebooks, digital cockpit, power sources, home appliances, 4G and 5G infrastructure, and satellite communications applications. It offers lighting control ICs for backlighting that are used in systems, which provide the light source for LCD panels in computers and notebooks, monitors, car navigation systems, and televisions, as well as for general illumination products. The company sells its products through third-party distributors, value-added resellers, directly to original equipment manufacturers, original design manufacturers, electronic manufacturing service providers, and other end customers. It serves China, Taiwan, South Korea, Europe, Japan, Southeast Asia, the United States, and internationally. Monolithic Power Systems, Inc. was incorporated in 1997 and is headquartered in Kirkland, Washington.",21.05,4.05,6.1,8.9,Unknown,2.0,,Unknown,6.349999999999999,5.927500000000002,Large,0
TAP,Molson Coors Beverage Company Class B,"PO Box 4030
BC555
Golden, CO 80401
United States",Consumer Defensive,Beverages - Brewers,16500.0,"Molson Coors Beverage Company manufactures, markets, and sells beer and other malt beverage products under various brands in the Americas, Europe, the Middle East, Africa, and the Asia Pacific. The company offers flavored malt beverages including hard seltzers, craft, spirits and energy, and ready to drink beverages. It provides its products under Aspall Cider, Blue Moon, Coors Original, Five Trail, Hop Valley brands, Leinenkugel's, Madri, Miller Genuine Draft, Molson Ultra, Sharp's, Staropramen, and Vizzy Hard Seltzer above premier brands; Bergenbier, Borsodi, Carling, Coors Banquet, Coors Light, Jelen, Kamenitza, Miller Lite, Molson Canadian, and Niksicko, Ozujsko under the premium brands; and Branik, Icehouse, Keystone, Miller High Life, Milwaukee's Best, and Steel Reserve under the economy brands. The company was formerly known as Molson Coors Brewing Company and changed its name to Molson Coors Beverage Company in January 2020. Molson Coors Beverage Company was founded in 1774 and is based in Golden, Colorado.",21.4,7.3,5.5,8.6,Moderate Controversy Level,2.0,,Medium,7.133333333333333,2.423333333333333,Enterprise,0
MOH,"Molina Healthcare, Inc.","200 Oceangate
Suite 100
Long Beach, CA 90802
United States",Healthcare,Healthcare Plans,18000.0,"Molina Healthcare, Inc. provides managed healthcare services to low-income families and individuals under the Medicaid and Medicare programs and through the state insurance marketplaces. It operates in four segments: Medicaid, Medicare, Marketplace, and Other. The company served in across 19 states. The company was founded in 1980 and is headquartered in Long Beach, California.",21.05,4.05,6.1,8.9,Unknown,2.0,,Unknown,6.349999999999999,5.927500000000002,Enterprise,0
MHK,"Mohawk Industries, Inc.","160 South Industrial Boulevard
Calhoun, GA 30701
United States",Consumer Cyclical,"Furnishings, Fixtures & Appliances",43300.0,"Mohawk Industries, Inc. designs, manufactures, sources, distributes, and markets flooring products for residential and commercial remodeling, and new construction channels in the United States, Europe, Latin America, and internationally. It operates through three segments: Global Ceramic, Flooring North America, and Flooring Rest of the World. The company provides ceramic, porcelain, and natural stone tiles products for floor and wall applications; natural stones, porcelain slabs, and quartz countertops, as well as installation materials; floor covering products comprising broadloom carpets, carpet tiles, rugs and mats, carpet pads, laminates, medium-density fiberboards, wood floorings, luxury vinyl tiles, and sheet vinyl; and roofing panels, insulation boards, mezzanine flooring products, medium-density fiberboard, and chipboards. It also licenses its intellectual property to flooring manufacturers. The company sells its products under the American Olean, Daltile, Decortiles, Eliane, EmilGroup, KAI, Kerama Marazzi, Marazzi, Ragno, Aladdin Commercial, Durkan, Foss, IVC, Karastan, Mohawk, Mohawk Group, Mohawk Home, Pergo, Portico, Quick-Step, Feltex, GH Commercial, Godfrey Hirst, Hycraft, IVC Commercial, IVC Home, Lentex, Leoline, and Moduleo, Redbook, Unilin, and Vitromex brands. It offers its products to company-owned service centers and stores, company-operated distributors, floor covering retailers, wholesalers, mass merchandisers, department stores, shop at home, buying groups, ceramic tile specialists, e-commerce retailers, residential builders, independent distributors, commercial contractors, and commercial end users. The company was incorporated in 1988 and is headquartered in Calhoun, Georgia.",14.1,5.8,4.2,4.2,Moderate Controversy Level,2.0,,Low,4.733333333333333,0.8533333333333329,Enterprise,0
MRNA,"Moderna, Inc.","200 Technology Square
Cambridge, MA 02139
United States",Healthcare,Biotechnology,5600.0,"Moderna, Inc., a biotechnology company, discovers, develops, and commercializes messenger RNA therapeutics and vaccines for the treatment of infectious diseases, immuno-oncology, rare diseases, autoimmune, and cardiovascular diseases in the United States, Europe, and internationally. Its respiratory vaccines include COVID-19, influenza, and respiratory syncytial virus, spikevax, and hMPV/PIV3 vaccines; latent vaccines comprise cytomegalovirus, epstein-barr virus, herpes simplex virus, varicella zoster virus, and human immunodeficiency virus vaccines; public health vaccines consists of Zika, Nipah, Mpox vaccines; and infectious diseases vaccines, such as lyme and norovirus vaccines. The company also offers systemic secreted and cell surface therapeutics; cancer vaccines, such as personalized cancer, KRAS, and checkpoint vaccines; intratumoral immuno-oncology products; rare disease intracellular therapeutics; and inhaled pulmonary therapeutics. It has strategic alliances and collaborations with AstraZeneca; Merck & Co., Inc; Vertex Pharmaceuticals Incorporated; Vertex Pharmaceuticals (Europe) Limited; Chiesi Farmaceutici S.p.A.; Metagenomi, Inc.; Carisma Therapeutics, Inc.; CytomX Therapeutics; Defense Advanced Research Projects Agency; Biomedical Advanced Research and Development Authority; Institute for Life Changing Medicines; The Bill & Melinda Gates Foundation; and OpenAI. The company was formerly known as Moderna Therapeutics, Inc. and changed its name to Moderna, Inc. in August 2018. Moderna, Inc. was founded in 2010 and is headquartered in Cambridge, Massachusetts.",21.05,4.05,6.1,8.9,Unknown,2.0,,Unknown,6.349999999999999,5.927500000000002,Large,0
MU,"Micron Technology, Inc.","8000 South Federal Way
Boise, ID 83716-9632
United States",Technology,Semiconductors,43000.0,"Micron Technology, Inc. designs, develops, manufactures, and sells memory and storage products worldwide. The company operates through four segments: Compute and Networking Business Unit, Mobile Business Unit, Embedded Business Unit, and Storage Business Unit. It provides memory and storage technologies comprising dynamic random access memory semiconductor devices with low latency that provide high-speed data retrieval; non-volatile and re-writeable semiconductor storage devices; and non-volatile re-writable semiconductor memory devices that provide fast read speeds under the Micron and Crucial brands, as well as through private labels. The company offers memory products for the cloud server, enterprise, client, graphics, networking, industrial, and automotive markets, as well as for smartphone and other mobile-device markets; SSDs and component-level solutions for the enterprise and cloud, client, and consumer storage markets; discrete storage products in component and wafers; and memory and storage products for the automotive, industrial, and consumer markets. It markets its products through its direct sales force, independent sales representatives, distributors, and retailers; and web-based customer direct sales channel, as well as through channel and distribution partners. Micron Technology, Inc. was founded in 1978 and is headquartered in Boise, Idaho.",18.2,7.2,5.5,5.5,Moderate Controversy Level,2.0,,Low,6.066666666666666,0.9633333333333336,Enterprise,0
MGM,Mgm Resorts International,"3600 Las Vegas Boulevard South
Las Vegas, NV 89109
United States",Consumer Cyclical,Resorts & Casinos,58000.0,"MGM Resorts International, through its subsidiaries, owns and operates casino, hotel, and entertainment resorts in the United States and internationally. The company operates through three segments: Las Vegas Strip Resorts, Regional Operations, and MGM China. Its casino resorts offer gaming, hotel, convention, dining, entertainment, retail, and other resort amenities. The company's casino operations include slots and table games, as well as online sports betting and iGaming through BetMGM. Its customers include premium gaming customers; leisure and wholesale travel customers; business travelers; and group customers, including conventions, trade associations, and small meetings. The company was formerly known as MGM MIRAGE and changed its name to MGM Resorts International in June 2010. MGM Resorts International was incorporated in 1986 and is based in Las Vegas, Nevada.",24.8,1.3,10.5,13.0,Moderate Controversy Level,2.0,,Medium,8.266666666666667,37.96333333333334,Enterprise,0
MTD,Mettler-Toledo International,"1900 Polaris Parkway
Columbus, OH 43240
United States",Healthcare,Diagnostics & Research,16000.0,"Mettler-Toledo International Inc. manufactures and supplies precision instruments and services in the Americas, Europe, Asia, and internationally. It operates through five segments: U.S. Operations, Swiss Operations, Western European Operations, Chinese Operations, and Other. The company's laboratory instruments include laboratory balances, liquid pipetting solutions, automated laboratory reactors, real-time analytics, titrators, pH meters, process analytics sensors and analyzer technologies, physical value analyzers, density and refractometry, thermal analysis systems, and other analytical instruments; and LabX, a laboratory software platform to manage and analyze data generated from its instruments. Its industrial instruments comprise industrial weighing instruments and related terminals, automatic dimensional measurement and data capture solutions, vehicle scale systems, industrial software, metal detection equipment, x-ray systems, check weighing equipment, camera-based imaging equipment, track-and-trace solutions, and product inspection systems. The company's retail weighing solutions consist of weighing and software solutions, AI-driven image recognition solution, and automated packaging and labelling solutions for the meat backroom. It serves the life science industry, independent research organizations, and testing labs; food and beverage manufacturers; food retailers; chemical, specialty chemical, and cosmetics companies; food retailers; transportation and logistics, metals, and electronics industries; and the academic community through its direct sales force and indirect distribution channels. Mettler-Toledo International Inc. was incorporated in 1991 and is based in Columbus, Ohio.",13.1,1.0,4.7,7.4,None Controversy Level,2.0,,Low,4.366666666666667,10.323333333333334,Enterprise,0
MET,"Metlife, Inc.","200 Park Avenue
New York, NY 10166-0188
United States",Financial Services,Insurance - Life,45000.0,"MetLife, Inc., a financial services company, provides insurance, annuities, employee benefits, and asset management services worldwide. It operates through six segments: Retirement and Income Solutions; Group Benefits; Asia; Latin America; Europe, the Middle East and Africa; and MetLife Holdings. The company offers life, dental, group short-and long-term disability, individual disability, pet insurance, accidental death and dismemberment, vision, and accident and health coverages, as well as prepaid legal plans; administrative services-only arrangements to employers; and general and separate account, and synthetic guaranteed interest contracts, as well as private floating rate funding agreements. It also provides pension risk transfers, institutional income annuities, structured settlements, and capital markets investment products; and other products and services, such as life insurance products and funding agreements for funding postretirement benefits, as well as company, bank, or trust-owned life insurance used to finance nonqualified benefit programs for executives. In addition, it provides fixed, indexed-linked, and variable annuities; pension products; regular savings products; whole and term life, endowments, universal and variable life, and group life products; longevity reinsurance solutions; credit insurance products; and protection against long-term health care services. MetLife, Inc. was incorporated in 1999 and is based in New York, New York.",16.4,0.7,8.8,7.0,Moderate Controversy Level,2.0,,Low,5.5,18.090000000000003,Enterprise,0
MKC,"Mccormick & Company, Incorporated Non-Vtg Cs","24 Schilling Road
Suite 1
Hunt Valley, MD 21031
United States",Consumer Defensive,Packaged Foods,13800.0,"McCormick & Company, Incorporated manufactures, markets, and distributes spices, seasoning mixes, condiments, and other flavorful products to the food industry. It operates in two segments, Consumer and Flavor Solutions. The Consumer segment offers spices, herbs, and seasonings, as well as condiments and sauces, and desserts. This segment markets its products under the McCormick, French's, Frank's RedHot, Lawry's, Cholula Hot Sauce, Gourmet Garden, Club House, and OLD BAY brands in the Americas; Ducros, Schwartz, Kamis, LA Drogheria, and Vahiné brands in Europe, the Middle East, and Africa; McCormick and DaQiao brands in the Asia/Pacific; McCormick, Aeroplane, and Gourmet Garden brands in China; and the McCormick brand and other brands in Australia, as well as markets regional and ethnic brands, such as Zatarain's, Stubb's, Thai Kitchen, and Simply Asia. It also supplies its products under the private labels. This segment serves retailers comprising grocery, mass merchandise, warehouse clubs, discount and drug stores, and e-commerce retailers directly and indirectly through distributors and wholesale foodservice suppliers. The Flavor Solutions segment offers seasoning blends, spices and herbs, condiments, coating systems, and compound flavors to multinational food manufacturers and foodservice customers. It serves foodservice customers directly and indirectly through distributors. The company was founded in 1889 and is headquartered in Hunt Valley, Maryland.",26.1,9.6,5.3,11.1,Moderate Controversy Level,2.0,,Medium,8.666666666666666,9.063333333333333,Enterprise,0
MTCH,"Match Group, Inc","8750 North Central Expressway
Suite 1400
Dallas, TX 75231
United States",Communication Services,Internet Content & Information,2600.0,"Match Group, Inc. engages in the provision of dating products. Its portfolio of brands includes Tinder, Hinge, Match, Meetic, OkCupid, Pairs, Plenty Of Fish, Azar, BLK, and Hakuna, as well as a various other brands, each built to increase users' likelihood of connecting with others. Its services are available in over 40 languages to users worldwide. The company was incorporated in 1986 and is based in Dallas, Texas.",21.05,4.05,6.1,8.9,Unknown,2.0,,Unknown,6.349999999999999,5.927500000000002,Large,0
MLM,Martin Marietta Materials,"4123 Parklake Avenue
Raleigh, NC 27612
United States",Basic Materials,Building Materials,9400.0,"Martin Marietta Materials, Inc., a natural resource-based building materials company, supplies aggregates and heavy-side building materials to the construction industry in the United States and internationally. It offers crushed stone, sand, and gravel products; ready mixed concrete and asphalt; paving products and services; and Portland and specialty cement for use in the infrastructure projects, and nonresidential and residential construction markets, as well as in the railroad, agricultural, utility, and environmental industries. The company also produces magnesia-based chemicals products; dolomitic lime primarily to customers for steel production and soil stabilization; and cement treated materials. Its chemical products are used in flame retardants, wastewater treatment, pulp and paper production, and other environmental applications. The company was founded in 1939 and is headquartered in Raleigh, North Carolina.",30.1,16.7,8.7,4.8,Moderate Controversy Level,2.0,,High,10.066666666666666,36.80333333333333,Large,0
MMC,"Marsh & Mclennan Companies, Inc.","1166 Avenue of the Americas
New York, NY 10036-2774
United States",Financial Services,Insurance Brokers,85000.0,"Marsh & McLennan Companies, Inc., a professional services company, provides advice and solutions to clients in the areas of risk, strategy, and people worldwide. It operates through Risk and Insurance Services, and Consulting segments. The Risk and Insurance Services segment offers risk management services, such as risk advice, risk transfer, and risk control and mitigation solutions, as well as insurance and reinsurance broking, strategic advisory services, and analytics solutions, and insurance program management services. It serves businesses, public entities, insurance companies, associations, professional services organizations, and private clients. The Consulting segment provides health, wealth and career advice, solutions and products; and specialized management, strategic, economic, and brand consulting services. Marsh & McLennan Companies, Inc. was founded in 1871 and is headquartered in New York, New York.",21.1,0.1,9.7,11.3,Moderate Controversy Level,2.0,,Medium,7.033333333333334,36.693333333333335,Enterprise,0
MKTX,Marketaxess Holdings Inc.,"55 Hudson Yards
15th Floor
New York, NY 10001
United States",Financial Services,Capital Markets,881.0,"MarketAxess Holdings Inc., together with its subsidiaries, operates an electronic trading platform for institutional investor and broker-dealer companies worldwide. The company offers trading technology that provides liquidity access in U.S. high-grade bonds, U.S. high-yield bonds, emerging market debt, eurobonds, municipal bonds, U.S. government bonds, and other fixed-income securities; and executes bond trades between and among institutional investor and broker-dealer clients in an all-to-all anonymous trading environment for corporate bonds through its Open Trading protocols. It also provides trading-related products and services, including composite+ pricing and other market data products to assist clients with trading decisions; auto-execution and other execution services for clients requiring specialized workflow solutions; connectivity solutions that facilitate straight-through processing; and technology services to optimize trading environments. In addition, the company offers various pre-and post-trade services, such as trade matching, trade publication, regulatory transaction reporting, and market and reference data across a range of fixed-income and other products. MarketAxess Holdings Inc. was incorporated in 2000 and is headquartered in New York, New York.",21.05,4.05,6.1,8.9,Unknown,2.0,,Unknown,6.349999999999999,5.927500000000002,Medium,0
MRO,Marathon Oil Corporation,"990 Town and Country Boulevard
Houston, TX 77024-2217
United States",Energy,Oil & Gas E&P,1681.0,"Marathon Oil Corporation, an independent exploration and production company, engages in exploration, production, and marketing of crude oil and condensate, natural gas liquids, and natural gas in the United States and internationally. The company also produces and markets products manufactured from natural gas, such as liquefied natural gas and methanol. In addition, it owns and operates Sugarloaf gathering system, a natural gas pipeline. The company was formerly known as USX Corporation and changed its name to Marathon Oil Corporation in December 2001. Marathon Oil Corporation was founded in 1887 and is headquartered in Houston, Texas.",37.7,21.1,7.6,9.1,Moderate Controversy Level,2.0,,High,12.600000000000001,54.750000000000014,Large,0
LYB,Lyondellbasell Industries N.v. Class A,"LyondellBasell Tower
Suite 300 1221 McKinney Street
Houston, TX 77010
United States",Basic Materials,Specialty Chemicals,20000.0,"LyondellBasell Industries N.V. operates as a chemical company in the United States, Germany, Mexico, Italy, Poland, France, Japan, China, the Netherlands, and internationally. The company operates in six segments: Olefins and PolyolefinsAmericas; Olefins and PolyolefinsEurope, Asia, International; Intermediates and Derivatives; Advanced Polymer Solutions; Refining; and Technology. It produces and markets olefins and co-products, polyethylene, and polypropylene; and propylene oxide and derivatives; oxyfuels and related products; and intermediate chemicals, such as styrene monomer, acetyls, ethylene oxide, and ethylene glycol. In addition, the company produce and markets compounding and solutions including polypropylene compounds, engineered plastics, masterbatches, engineered composites, colors and powders, and advanced polymers including catalloy and polybutene-1; and refines heavy, high-sulfur crude oil and other crude oils, as well as refined products, including gasoline and distillates. Further, it develops and licenses chemical and polyolefin process technologies; manufactures and sells polyolefin catalysts; and serves food packaging, home furnishings, automotive components, and paints and coatings applications. LyondellBasell Industries N.V. was incorporated in 2009 and is headquartered in Houston, Texas.",20.7,13.5,5.1,2.1,Moderate Controversy Level,2.0,,Medium,6.8999999999999995,34.919999999999995,Enterprise,0
LULU,Lululemon Athletica Inc.,"1818 Cornwall Avenue
Vancouver, BC V6J 1C7
Canada",Consumer Cyclical,Apparel Retail,38000.0,"Lululemon Athletica Inc., together with its subsidiaries, designs, distributes, and retails athletic apparel, footwear, and accessories under the lululemon brand for women and men. It offers pants, shorts, tops, and jackets for healthy lifestyle, such as yoga, running, training, and other activities. It also provides fitness-inspired accessories. The company sells its products through a chain of company-operated stores; outlets; interactive workout platform; yoga and fitness studios, university campus retailers, and other partners; license and supply arrangements; and temporary locations, as well as through mobile apps and lululemon.com e-commerce website. It has operations in the United States, Canada, Mainland China, Australia, South Korea, Hong Kong, Japan, New Zealand, Taiwan, Singapore, Malaysia, Macau, Thailand, the Asia Pacific, the United Kingdom, Germany, France, Ireland, Spain, the Netherlands, Sweden, Norway, Switzerland, Europe, the Middle East, and Africa. Lululemon Athletica Inc. was founded in 1998 and is based in Vancouver, Canada.",16.9,1.6,5.5,9.9,Moderate Controversy Level,2.0,,Low,5.666666666666667,17.243333333333336,Enterprise,0
LOW,Lowe's Companies Inc.,"1000 Lowe’s Boulevard
Mooresville, NC 28117
United States",Consumer Cyclical,Home Improvement Retail,300000.0,"Lowe's Companies, Inc., together with its subsidiaries, operates as a home improvement retailer in the United States. The company offers a line of products for construction, maintenance, repair, remodeling, and decorating. It also provides home improvement products, such as appliances, seasonal and outdoor living, lawn and garden, lumber, kitchens and bath, tools, paint, millwork, hardware, flooring, rough plumbing, building materials, décor, and electrical. In addition, the company offers installation services through independent contractors in various product categories; and extended protection plans and repair services. It sells its national brand-name merchandise and private brand products to professional customers, homeowners, renters, businesses, and government. The company also sells its products through Lowes.com website; and through mobile applications. Lowe's Companies, Inc. was founded in 1921 and is based in Mooresville, North Carolina.",11.8,3.3,3.2,5.3,Moderate Controversy Level,2.0,,Low,3.9333333333333336,1.403333333333333,Enterprise,0
L,Loews Corporation,"9 West 57th Street
New York, NY 10019-2714
United States",Financial Services,Insurance - Property & Casualty,12280.0,"Loews Corporation provides commercial property and casualty insurance in the United States and internationally. The company offers specialty insurance products, such as management and professional liability, and other coverage products; surety and fidelity bonds; property insurance products that include standard and excess property, marine and boiler, and machinery coverages; and casualty insurance products, such as workers' compensation, general and product liability, and commercial auto, surplus, and umbrella coverages. It also provides loss-sensitive insurance programs; and warranty, risk management, information, and claims administration services. The company markets its insurance products and services through independent agents, brokers, and managing general underwriters. In addition, the company is involved in the transportation and storage of natural gas and natural gas liquids, and hydrocarbons through natural gas pipelines covering approximately 13,455 miles of interconnected pipelines; 855 miles of NGL pipelines in Louisiana and Texas; 14 underground storage fields with an aggregate gas capacity of approximately 199.5 billion cubic feet of natural gas; and eleven salt dome caverns and related brine infrastructure for providing brine supply services. Further, the company operates a chain of 25 hotels; and develops, manufactures, and markets a range of extrusion blow-molded and injection molded plastic containers for customers in the pharmaceutical, dairy, household chemicals, food/nutraceuticals, industrial/specialty chemicals, and water and beverage/juice industries, as well as manufactures commodity and differentiated plastic resins from recycled plastic materials. Loews Corporation was incorporated in 1969 and is headquartered in New York, New York.",16.4,0.6,11.5,4.3,Moderate Controversy Level,2.0,,Low,5.466666666666666,30.723333333333336,Enterprise,0
LKQ,Lkq Corporation,"500 West Madison Street
Suite 2800
Chicago, IL 60661
United States",Consumer Cyclical,Auto Parts,49000.0,"LKQ Corporation engages in the distribution of replacement parts, components, and systems used in the repair and maintenance of vehicles and specialty vehicle aftermarket products and accessories. It operates through four segments: Wholesale-North America, Europe, Specialty, and Self Service. The company distributes bumper covers, automotive body panels, and lights, as well as mechanical automotive parts and accessories; salvage products, including mechanical and collision parts comprising engines; transmissions; door assemblies; sheet metal products, such as trunk lids, fenders, and hoods; lights and bumper assemblies; scrap metal and other materials to metals recyclers; and brake pads, discs and sensors, clutches, steering and suspension products, filters, and oil and automotive fluids, as well as electrical products, including spark plugs and batteries. In addition, the company distributes recreational vehicle appliances and air conditioners, towing hitches, truck bed covers, vehicle protection products, marine electronics, cargo management products, wheels, tires, and suspension products. It serves collision and mechanical repair shops, and new and used car dealerships, as well as retail customers. The company operates in the United States, Canada, the United Kingdom, Germany, Belgium, the Netherlands, Luxembourg, Italy, the Czech Republic, Austria, Poland, Slovakia, Taiwan, and other European countries. LKQ Corporation was incorporated in 1998 and is headquartered in Chicago, Illinois.",11.1,3.8,3.3,4.0,Moderate Controversy Level,2.0,,Low,3.6999999999999997,0.13000000000000006,Enterprise,0
LYV,Live Nation Entertainment Inc.,"9348 Civic Center Drive
Beverly Hills, CA 90210
United States",Communication Services,Entertainment,14700.0,"Live Nation Entertainment, Inc. operates as a live entertainment company worldwide. It operates through Concerts, Ticketing, and Sponsorship & Advertising segments. The Concerts segment promotes live music events in its owned or operated venues, and in rented third-party venues. This segment operates and manages music venues; produces music festivals; creates and streams associated content; and offers management and other services to artists. The Ticketing segment manages the ticketing operations, including the provision of ticketing software and services to clients and consumers with marketplace for tickets and event information through mobile apps, other websites, retail outlets, and its primary websites, such as livenation.com and ticketmaster.com; and provides ticket resale services. This segment sells tickets for its events and third-party clients in various live event categories. This segment offers ticketing services for arenas, stadiums, amphitheaters, music clubs, concert promoters, professional sports franchises and leagues, college sports teams, performing arts venues, museums, and theaters. The Sponsorship & Advertising segment sells international, national, and local sponsorships and placement of advertising, including signage, online, and promotional programs; rich media offering that comprises advertising related with live streaming and music-related content; and ads across its distribution network of venues, events, and websites. This segment also manages the development of strategic sponsorship programs, as well as develops, books, and produces custom events or programs for specific brands. It owns, operates, or leases entertainment venues. The company was formerly known as Live Nation, Inc. and changed its name to Live Nation Entertainment, Inc. in January 2010. Live Nation Entertainment, Inc. was incorporated in 2005 and is headquartered in Beverly Hills, California.",21.05,4.05,6.1,8.9,Unknown,2.0,,Unknown,6.349999999999999,5.927500000000002,Enterprise,0
LIN,Linde Plc,"Forge, 43 Church Street West
Woking, GU21 6HT
United Kingdom",Basic Materials,Specialty Chemicals,66195.0,"Linde plc operates as an industrial gas company in the Americas, Europe, the Middle East, Africa, Asia, and South Pacific. It offers atmospheric gases, including oxygen, nitrogen, argon, and rare gases; and process gases, such as carbon dioxide, helium, hydrogen, electronic gases, specialty gases, and acetylene. The company also designs and constructs turnkey process plants for third-party customers, as well as for the gas businesses in various locations, such as air separation, hydrogen, synthesis, olefin, and natural gas plants. It serves a range of industries, including healthcare, chemicals and energy, manufacturing, metals and mining, food and beverage, and electronics. The company was founded in 1879 and is based in Woking, the United Kingdom.",21.05,4.05,6.1,8.9,Unknown,2.0,,Unknown,6.349999999999999,5.927500000000002,Enterprise,0
LEN,Lennar Corporation Class A,"5505 Waterford District Drive
Miami, FL 33126
United States",Consumer Cyclical,Residential Construction,12284.0,"Lennar Corporation, together with its subsidiaries, operates as a homebuilder primarily under the Lennar brand in the United States. It operates through Homebuilding East, Homebuilding Central, Homebuilding Texas, Homebuilding West, Financial Services, Multifamily, and Lennar Other segments. The company's homebuilding operations include the construction and sale of single-family attached and detached homes, as well as the purchase, development, and sale of residential land; and development, construction, and management of multifamily rental properties. It also offers residential mortgage financing, title, insurance, and closing services for home buyers and others, as well as originates and sells securitization commercial mortgage loans. In addition, the company is involved in the fund investment activity. It primarily serves first-time, move-up, active adult, and luxury homebuyers. Lennar Corporation was founded in 1954 and is based in Miami, Florida.",25.4,11.3,5.6,8.6,Moderate Controversy Level,2.0,,Medium,8.5,8.130000000000003,Enterprise,0
LDOS,"Leidos Holdings, Inc.","1750 Presidents Street
Reston, VA 20190
United States",Technology,Information Technology Services,47000.0,"Leidos Holdings, Inc., together with its subsidiaries, provides services and solutions in the defense, intelligence, civil, and health markets in the United States and internationally. The company operates through Defense Solutions, Civil, and Health segments. The Defense Solutions segment offers national security solutions and systems for air, land, sea, space, and cyberspace for the U.S. Intelligence Community, the Department of Defense, the space development agency, the National Aeronautics and Space Administration, defense information systems agency, military services, and government agencies of U.S. allies abroad, as well as other federal and commercial customers in the national security industry. The solutions include technology, large-scale systems, command and control platforms, data analytics, logistics, and cybersecurity solutions, as well as intelligence analysis and operations support services to critical missions. The Civil segment provides systems integration services to air navigation service providers, including the federal aviation administration, the En route automation modernization, advanced technology oceanic procedure, time based flow management, terminal flight data management, geo-7, and future flight services, as well as enterprise-information display systems; and security detection services. It also offers information technology (IT) solutions in cloud computing, mobility, application modernization, DevOps, data center, network modernization, asset management, help desk operations, and digital workplace enablement; and environment, energy, and infrastructure services. The Health segment offers solutions to federal and commercial customers responsible for health and well-being of people, include health information management, managed health, digital modernization, and life sciences research and development services. Leidos Holdings, Inc. was founded in 1969 and is headquartered in Reston, Virginia.",17.6,3.4,5.3,9.0,Moderate Controversy Level,2.0,,Low,5.8999999999999995,8.110000000000001,Enterprise,0
LVS,Las Vegas Sands Corp.,"5500 Haven Street
Las Vegas, NV 89119
United States",Consumer Cyclical,Resorts & Casinos,38400.0,"Las Vegas Sands Corp., together with its subsidiaries, develops, owns, and operates integrated resorts in Macao and Singapore. It owns and operates The Venetian Macao Resort Hotel, the Londoner Macao, The Parisian Macao, The Plaza Macao and Four Seasons Hotel Macao, Cotai Strip, and the Sands Macao in Macao, the People's Republic of China; and Marina Bay Sands in Singapore. The company's integrated resorts feature accommodations, gaming, entertainment and retail malls, convention and exhibition facilities, celebrity chef restaurants, and other amenities. Las Vegas Sands Corp. was founded in 1988 and is based in Las Vegas, Nevada.",18.7,2.3,8.7,7.7,Moderate Controversy Level,2.0,,Low,6.233333333333333,11.853333333333333,Enterprise,0
LW,"Lamb Weston Holdings, Inc.","599 South Rivershore Lane
Eagle, ID 83616
United States",Consumer Defensive,Packaged Foods,10200.0,"Lamb Weston Holdings, Inc. produces, distributes, and markets frozen potato products worldwide. The company operates through four segments: Global, Foodservice, Retail, and Other. It offers frozen potatoes, commercial ingredients, and appetizers under the Lamb Weston brand, as well as under various customer labels. The company also provides its products under its owned or licensed brands, such as Grown in Idaho and Alexia, and other licensed brands, as well as under retailers' own brands. In addition, it engages in the vegetable and dairy businesses. The company sells its products through a network of internal sales personnel and independent brokers, agents, and distributors to chain restaurants, wholesale, grocery, mass merchants, club and specialty retailers, businesses, educational institutions, independent restaurants, regional chain restaurants, and convenience stores. Lamb Weston Holdings, Inc. was incorporated in 1950 and is headquartered in Eagle, Idaho.",21.05,4.05,6.1,8.9,Unknown,2.0,,Unknown,6.349999999999999,5.927500000000002,Enterprise,0
LH,Labcorp Holdings Inc.,"358 South Main Street
Burlington, NC 27215
United States",Healthcare,Diagnostics & Research,67000.0,"Labcorp Holdings Inc. operates as a laboratory services company that provides vital information to help doctors, hospitals, pharmaceutical companies, researchers, and patients make clear and confident decisions. It operates in two segments, Diagnostics Laboratories (Dx) and Biopharma Laboratory Services (BLS). The company offers various tests, such as blood chemistry analyses, urinalyses, blood cell counts, thyroid tests, PAP tests, hemoglobin A1C and vitamin D, prostate-specific antigens, tests for sexually transmitted diseases, hepatitis C tests, microbiology cultures and procedures, and alcohol and other substance-abuse tests. It also provides specialty testing services comprising gene-based and esoteric testing; advanced tests target specific diseases; services related to anatomic pathology/oncology, cardiovascular disease, coagulation, diagnostic genetics, endocrinology, infectious disease, women's health, pharmacogenetics, parentage and donor testing, occupational testing services, medical drug monitoring services, chronic disease programs, and kidney stone prevention tests; and health and wellness services to employers and managed care organizations (MCOs), including health fairs, on-site and at-home testing, vaccinations, and health screenings. It serves pharmaceutical, biotechnology, medical device, and diagnostics companies; and MCOs, employer plans, other health insurance providers, governmental agencies, physicians and other healthcare providers, hospitals and health systems, employers, patients and consumers, contract research organizations, crop protection and chemical companies, academic institutions, independent clinical laboratories, and retailers.",19.7,0.4,6.6,12.7,Moderate Controversy Level,2.0,,Low,6.566666666666666,37.82333333333333,Enterprise,0
LHX,"L3harris Technologies, Inc.","1025 West NASA Boulevard
Melbourne, FL 32919
United States",Industrials,Aerospace & Defense,50000.0,"L3Harris Technologies, Inc. provides mission-critical solutions for government and commercial customers worldwide. The company's Integrated Mission Systems segment provides intelligence, surveillance, and reconnaissance (ISR) systems, passive sensing and targeting, electronic attack, autonomy, power and communications, and networks and sensors, as well as advanced combat systems for air, land, and sea sectors. Its Space and Airborne Systems segment offers space payloads, sensors, and full-mission solutions; classified intelligence and cyber; mission avionics; electronic warfare systems; and mission networks systems for air traffic management operations. The company's Communication Systems segment provides broadband communications; tactical radios, software, satellite terminals, and end-to-end battlefield systems for the U.S. Department of Defense, international, federal, and state agency customers; integrated vision solutions, including helmet-mounted integrated night vision goggles with leading-edge image intensifier tubes and weapon-mounted sights, aiming lasers, and range finders; and public safety radios, and system applications and equipment. Its Aerojet Rocketdyne segment provides propulsion technologies and armament systems for strategic defense, missile defense, hypersonic, and tactical systems; and space propulsion and power systems for national security, and space and exploration missions. The company was formerly known as Harris Corporation and changed its name to L3Harris Technologies, Inc. in June 2019. L3Harris Technologies, Inc. was founded in 1895 and is based in Melbourne, Florida.",21.05,4.05,6.1,8.9,Unknown,2.0,,Unknown,6.349999999999999,5.927500000000002,Enterprise,0
KLAC,Kla Corporation,"One Technology Drive
Milpitas, CA 95035
United States",Technology,Semiconductor Equipment & Materials,15000.0,"KLA Corporation designs, manufactures, and markets process control, process-enabling, and yield management solutions for the semiconductor and related electronics industries worldwide. It operates through three segments: Semiconductor Process Control; Specialty Semiconductor Process; and PCB, Display and Component Inspection. The company offers inspection and review tools to identify, locate, characterize, review, and analyze defects on various surfaces of patterned and unpatterned wafers; metrology systems that are used to measure pattern dimensions, film thickness, film stress, layer-to-layer alignment, pattern placement, surface topography, and electro-optical properties for wafers; Wafer defect inspection, review, and metrology systems; reticle inspection and metrology systems; chemical process control equipment; wired and wireless sensor wafers and reticles; and semiconductor software solutions that provide run-time process control, defect excursion identification, process corrections, and defect classification to accelerate yield learning rates and reduce production risk. It also provides etch, plasma dicing, deposition, and other wafer processing technologies and solutions for the semiconductor and microelectronics industry. In addition, the company offers direct imaging, inspection, optical shaping, inkjet and additive printing, UV laser drilling and computer-aided manufacturing and engineering solutions for the PCB market; inspection and electrical testing systems to identify and classify defects, as well as systems to repair defects for the display market; and inspection and metrology systems for quality control and yield improvement in advanced and traditional semiconductor packaging markets. The company was formerly known as KLA-Tencor Corporation and changed its name to KLA Corporation in July 2019. KLA Corporation was incorporated in 1975 and is headquartered in Milpitas, California.",17.2,7.4,4.6,5.1,None Controversy Level,2.0,,Low,5.7,2.2300000000000013,Enterprise,0
KMI,"Kinder Morgan, Inc.","1001 Louisiana Street
Suite 1000
Houston, TX 77002
United States",Energy,Oil & Gas Midstream,10891.0,"Kinder Morgan, Inc. operates as an energy infrastructure company primarily in North America. The company operates through Natural Gas Pipelines, Products Pipelines, Terminals, and CO2 segments. The Natural Gas Pipelines segment owns and operates interstate and intrastate natural gas pipeline, and storage systems; natural gas gathering systems and natural gas processing and treating facilities; natural gas liquids fractionation facilities and transportation systems; and liquefied natural gas gasification, liquefaction, and storage facilities. The Products Pipelines segment owns and operates refined petroleum products, and crude oil and condensate pipelines; and associated product terminals and petroleum pipeline transmix facilities. The Terminals segment owns and/or operates liquids and bulk terminals that stores and handles various commodities, including gasoline, diesel fuel, renewable fuel and feedstocks, chemicals, ethanol, metals, and petroleum coke; and owns tankers. The CO2 segment produces, transports, and markets CO2 to recovery and production crude oil from mature oil fields; owns interests in/or operates oil fields and gasoline processing plants; and operates a crude oil pipeline system in West Texas, as well as owns and operates RNG and LNG facilities. It owns and operates approximately 82,000 miles of pipelines and 139 terminals. The company was formerly known as Kinder Morgan Holdco LLC and changed its name to Kinder Morgan, Inc. in February 2011. Kinder Morgan, Inc. was founded in 1997 and is headquartered in Houston, Texas.",19.0,8.3,3.5,7.2,Moderate Controversy Level,2.0,,Low,6.333333333333333,6.323333333333335,Enterprise,0
KIM,Kimco Realty Corp.,"500 North Broadway
Suite 201
Jericho, NY 11753-2128
United States",Real Estate,Reit - Retail,660.0,"Kimco Realty (NYSE:KIM) is a real estate investment trust (REIT) headquartered in Jericho, N.Y. that is North America's largest publicly traded owner and operator of open-air, grocery-anchored shopping centers and a growing portfolio of mixed-use assets. The company's portfolio is primarily concentrated in the first-ring suburbs of the top major metropolitan markets, including those in high-barrier-to-entry coastal markets and rapidly expanding Sun Belt cities, with a tenant mix focused on essential, necessity-based goods and services that drive multiple shopping trips per week. Kimco Realty is also committed to leadership in environmental, social and governance (ESG) issues and is a recognized industry leader in these areas. Publicly traded on the NYSE since 1991, and included in the S&P 500 Index, the company has specialized in shopping center ownership, management, acquisitions, and value enhancing redevelopment activities for more than 60 years. As of December 31, 2023, the company owned interests in 523 U.S. shopping centers and mixed-use assets comprising 90 million square feet of gross leasable space.",10.9,2.3,6.0,2.6,None Controversy Level,2.0,,Low,3.6333333333333333,4.223333333333333,Medium,0
KMB,Kimberly-Clark Corp.,"PO Box 619100
Dallas, TX 75261-9100
United States",Consumer Defensive,Household & Personal Products,41000.0,"Kimberly-Clark Corporation, together with its subsidiaries, manufactures and markets personal care and consumer tissue products in the United States. It operates through three segments: Personal Care, Consumer Tissue, and K-C Professional. The company's Personal Care segment offers disposable diapers, training and youth pants, swimpants, baby wipes, feminine and incontinence care products, reusable underwear, and other related products under the Huggies, Pull-Ups, Little Swimmers, GoodNites, DryNites, Sweety, Kotex, U by Kotex, Intimus, Thinx, Poise, Depend, Plenitud, Softex, and other brand names. Its Consumer Tissue segment provides facial and bathroom tissues, paper towels, napkins, and related products under the Kleenex, Scott, Cottonelle, Viva, Andrex, Scottex, Neve, and other brand names. The company's K-C Professional segment offers wipers, tissues, towels, apparel, personal protective equipment, soaps, and sanitizers under the Kleenex, Scott, WypAll, Kimtech, and KleenGuard brands. It also sells household use products directly to supermarkets, mass merchandisers, drugstores, warehouse clubs, variety and department stores, and other retail outlets, as well as through other distributors and e-commerce; and away-from-home use products directly to distributors, manufacturing, lodging, office building, food service, and public facilities, as well as through e-commerce. Kimberly-Clark Corporation was founded in 1872 and is headquartered in Dallas, Texas.",28.5,10.4,7.6,10.4,Moderate Controversy Level,2.0,,Medium,9.466666666666667,2.6133333333333346,Enterprise,0
KDP,Keurig Dr Pepper Inc.,"53 South Avenue
Burlington, MA 01803
United States",Consumer Defensive,Beverages - Non-Alcoholic,28100.0,"Keurig Dr Pepper Inc. owns, manufactures, and distributors beverages and single serve brewing systems in the United States and internationally. It operates through three segments: U.S. Refreshment Beverages, U.S. Coffee, and International. The U.S. Refreshment Beverages segment manufactures and distributes branded concentrates, syrup, and finished beverages. Its U.S. Coffee segment offers finished goods relating to K-Cup pods, single serve brewers, specialty coffee, and ready to drink coffee products through Keurig.com website. The International segment provides sales in Canada, Mexico, the Caribbean, and other international markets from the manufacture and distribution of branded concentrates, syrup, and finished beverages; and sales in Canada from the manufacture and distribution of finished goods relating to the Company's single serve brewers, KCup pods, and other coffee products. It serves retailers, third-party bottlers and distributors, retail partners, hotel chains, office coffee distributors, and end-use consumers. The company offers its products under the Dr Pepper, Canada Dry, Green Mountain Coffee Roasters, Snapple, Mott's, The Original Donut Shop, Clamato, and Core Hydration brand name. Keurig Dr Pepper Inc. was founded in 1981 and is headquartered in Burlington, Massachusetts.",21.05,4.05,6.1,8.9,Unknown,2.0,,Unknown,6.349999999999999,5.927500000000002,Enterprise,0
KVUE,Kenvue Inc.,"199 Grandview Road
Skillman, NJ 08558
United States",Consumer Defensive,Household & Personal Products,22000.0,"Kenvue Inc. operates as a consumer health company worldwide. The company operates through three segments: Self Care, Skin Health and Beauty, and Essential Health. The Self Care segment offers cough, cold and allergy, pain care, digestive health, smoking cessation, eye care, and other products under the Tylenol, Motrin, Benadryl, Nicorette, Zarbee's, ORSLTM, Rhinocort, Calpol, and Zyrtec brands. The Skin Health and Beauty segment provides face and body care, hair, sun, and other care products under the Neutrogena, Aveeno, Dr.Ci:Labo, Le Petit Marseillais, Lubriderm, Rogaine, and OGX brand names. The Essential Health segment offers oral and baby, women's health, wound, and other care products under the Listerine, Johnson's, Band-Aid, and Stayfree, o.b., tampons, Carefree, and Desitin Diaper Rash brands. The company was incorporated in 2022 and is headquartered in Skillman, New Jersey.",21.05,4.05,6.1,8.9,Unknown,2.0,,Unknown,6.349999999999999,5.927500000000002,Enterprise,0
K,Kellanova,"412 North Wells Street
Chicago, IL 60654
United States",Consumer Defensive,Packaged Foods,23000.0,"Kellanova, together with its subsidiaries, manufactures and markets snacks and convenience foods in North America, Europe, Latin America, the Asia Pacific, the Middle East, Australia, and Africa. Its principal products include crackers, crisps, savory snacks, toaster pastries, cereal bars, granola bars and bites, ready-to-eat cereals, frozen waffles, veggie foods, and noodles. The company offers its products under the Kellogg's, Cheez-It, Pringles, Austin, Parati, RXBAR, Eggo, Morningstar Farms, Bisco, Club, Luxe, Minueto, Special K, Toasteds, Town House, Zesta, Zoo Cartoon, Choco Krispis, Crunchy Nut, Kashi, Nutri-Grain, Squares, Zucaritas, Rice Krispies Treats, Sucrilhos, Pop-Tarts, K-Time, Sunibrite, Split Stix, LCMs, Coco Pops, Krave, Frosties, Rice Krispies Squares, Incogmeato, Veggitizers, Gardenburger, Trink, Carr's, Kellogg's Extra, Müsli, Fruit n Fibre, Kellogg's Crunchy Nut, Country Store, Smacks, Honey Bsss, Zimmy's, Toppas, Tresor, Froot Ring, Chocos, Chex, Guardian, Just Right, Sultana Bran, Rice Bubbles, Sustain, and Choco Krispies brand names. It sells its products to retailers through direct sales forces, as well as brokers and distributors. The company was formerly known as Kellogg Company and changed its name to Kellanova in October 2023. Kellanova was founded in 1906 and is headquartered in Chicago, Illinois.",28.4,10.6,4.4,13.4,Moderate Controversy Level,2.0,,Medium,9.466666666666667,21.21333333333333,Enterprise,0
JBL,Jabil Inc.,"10800 Roosevelt Boulevard North, St.
Saint Petersburg, FL 33716
United States",Technology,Electronic Components,236000.0,"Jabil Inc. provides manufacturing services and solutions worldwide. It operates in two segments, Electronics Manufacturing Services and Diversified Manufacturing Services. The company offers electronics design, production, and product management services; electronic circuit design services, such as application-specific integrated circuit design, firmware development, and rapid prototyping services; and designs plastic and metal enclosures that include the electro-mechanics, such as the printed circuit board assemblies (PCBA). It also provides three-dimensional mechanical design comprising the analysis of electronic, electro-mechanical, and optical assemblies, as well as various industrial design, mechanism development, and tooling management services. In addition, the company provides computer-assisted design services consisting of PCBA design, as well as PCBA design validation and verification services; and other consulting services, such as the generation of a bill of materials, approved vendor list, and assembly equipment configuration for various PCBA designs. Further, it offers product and process validation services, such as product system, product safety, regulatory compliance, and reliability tests, as well as manufacturing test solution development services. Additionally, the company provides systems assembly, test, direct-order fulfillment, and configure-to-order services. It serves 5G, wireless and cloud, digital print and retail, industrial and semi-cap, networking and storage, automotive and transportation, connected devices, healthcare and packaging, and mobility industries. The company was formerly known as Jabil Circuit, Inc. and changed its name to Jabil Inc. in June 2017. Jabil Inc. was founded in 1966 and is headquartered in Saint Petersburg, Florida.",21.05,4.05,6.1,8.9,Unknown,2.0,,Unknown,6.349999999999999,5.927500000000002,Enterprise,0
IRM,Iron Mountain Inc.,"85 New Hampshire Avenue
Suite 150
Portsmouth, NH 03801
United States",Real Estate,Reit - Specialty,27000.0,"Iron Mountain Incorporated (NYSE: IRM) is a global leader in information management services. Founded in 1951 and trusted by more than 240,000 customers worldwide, Iron Mountain serves to protect and elevate the power of our customers' work. Through a range of offerings including digital transformation, data centers, secure records storage, information management, asset lifecycle management, secure destruction and art storage and logistics, Iron Mountain helps businesses bring light to their dark data, enabling customers to unlock value and intelligence from their stored digital and physical assets at speed and with security, while helping them meet their environmental goals.",14.5,5.0,5.8,3.7,Moderate Controversy Level,2.0,,Low,4.833333333333333,1.123333333333333,Enterprise,0
IQV,Iqvia Holdings Inc.,"2400 Ellis Road
Durham, NC 27703
United States",Healthcare,Diagnostics & Research,87000.0,"IQVIA Holdings Inc. engages in the provision of advanced analytics, technology solutions, and clinical research services to the life sciences industry in the Americas, Europe, Africa, and the Asia-Pacific. It operates through three segments: Technology & Analytics Solutions, Research & Development Solutions, and Contract Sales & Medical Solutions. The Technology & Analytics Solutions segment offers a range of cloud-based applications and related implementation services; real world solutions that enable life sciences and provider customers to generate and disseminate evidence, which informs health care decision making and improves patients' outcomes; and strategic and implementation consulting services, such as advanced analytics and commercial processes outsourcing services. This segment also provides country level performance metrics related to sales of pharmaceutical products, prescribing trends, medical treatment, and promotional activity across various channels, including retail, hospital, and mail order; and measurement of sales or prescribing activity at the regional, zip code, and individual prescriber level. The Research & Development Solutions segment offers project management and clinical monitoring; clinical trial support; strategic planning and design services; and patient and site centric solutions, as well as central laboratory, genomic, bioanalytical, ADME, discovery, and vaccine and biomarker laboratory services. The Contract Sales & Medical Solutions segment provides health care provider and patient engagement services, and scientific strategy and medical affairs services. It serves pharmaceutical, biotechnology, device and diagnostic, and consumer health companies. The company has a collaboration with argenx SE. The company was formerly known as Quintiles IMS Holdings, Inc. and changed its name to IQVIA Holdings Inc. in November 2017. The company is headquartered in Durham, North Carolina.",19.1,1.3,7.2,10.6,Moderate Controversy Level,2.0,,Low,6.366666666666667,22.14333333333333,Enterprise,0
INVH,Invitation Homes Inc.,"1717 Main Street
Suite 2000
Dallas, TX 75201-4657
United States",Real Estate,Reit - Residential,1555.0,"Invitation Homes, an S&P 500 company, is the nation's premier single-family home leasing and management company, meeting changing lifestyle demands by providing access to high-quality, updated homes with valued features such as close proximity to jobs and access to good schools. The company's mission, Together with you, we make a house a home, reflects its commitment to providing homes where individuals and families can thrive and high-touch service that continuously enhances residents' living experiences.",21.05,4.05,6.1,8.9,Unknown,2.0,,Unknown,6.349999999999999,5.927500000000002,Large,0
IVZ,Invesco Ltd,"Midtown Union
1331 Spring Street, North West
Atlanta, GA 30309
United States",Financial Services,Asset Management,8527.0,"Invesco Ltd. is a publicly owned investment manager. The firm provides its services to retail clients, institutional clients, high-net worth clients, public entities, corporations, unions, non-profit organizations, endowments, foundations, pension funds, financial institutions, and sovereign wealth funds. It manages separate client-focused equity and fixed income portfolios. The firm also launches equity, fixed income, commodity, multi-asset, and balanced mutual funds for its clients. It launches equity, fixed income, multi-asset, and balanced exchange-traded funds. The firm also launches and manages private funds. It invests in the public equity and fixed income markets across the globe. The firm also invests in alternative markets, such as commodities and currencies. For the equity portion of its portfolio, it invests in growth and value stocks of large-cap, mid-cap, and small-cap companies. For the fixed income portion of its portfolio, the firm invests in convertibles, government bonds, municipal bonds, treasury securities, and cash. It also invests in short term and intermediate term bonds, investment grade and high yield bonds, taxable and tax-free bonds, senior secured loans, and structured securities such as asset-backed securities, mortgage-backed securities, and commercial mortgage-backed securities. The firm employs absolute return, global macro, and long/short strategies. It employs quantitative analysis to make its investments. The firm was formerly known as Invesco Plc, AMVESCAP plc, Amvesco plc, Invesco PLC, Invesco MIM, and H. Lotery & Co. Ltd. Invesco Ltd. was founded in 1935 and is based in Atlanta, Georgia with an additional office in Hamilton, Bermuda.",22.8,0.7,11.0,11.0,Moderate Controversy Level,2.0,,Medium,7.566666666666666,35.36333333333333,Large,0
INTU,Intuit Inc,"2700 Coast Avenue
Mountain View, CA 94043
United States",Technology,Software - Application,18200.0,"Intuit Inc. provides financial management and compliance products and services for consumers, small businesses, self-employed, and accounting professionals in the United States, Canada, and internationally. The company operates in four segments: Small Business & Self-Employed, Consumer, Credit Karma, and ProTax. The Small Business & Self-Employed segment provides QuickBooks services, that includes financial and business management online services and desktop software, payroll solutions, time tracking, merchant payment processing solutions, and financing for small businesses; and Mailchimp services, such as e-commerce, marketing automation, and customer relationship management. This segment also offers QuickBooks online services and desktop software solutions comprising QuickBooks Online Advanced, a cloud-based solution; QuickBooks Enterprise, a hosted solution; and QuickBooks Self-Employed solution; payment-processing solutions, including credit and debit cards, Apple Pay, and ACH payment services; and financial supplies and financing for small businesses, as well as electronic filing of federal and state income tax returns. The Consumer segment provides TurboTax income tax preparation products and services. The Credit Karma segment offers consumers with a personal finance platform that provides personalized recommendations of home, auto, and personal loans, as well as credit cards and insurance products. The ProTax segment provides Lacerte, ProSeries, and ProFile desktop tax-preparation software products; and ProConnect Tax Online tax products, electronic tax filing service, and bank products and related services. It sells products and services through various sales and distribution channels, including multi-channel shop-and-buy experiences, websites and call centers, mobile application stores, and retail and other channels. The company was founded in 1983 and is headquartered in Mountain View, California.",16.4,1.0,4.7,10.7,Moderate Controversy Level,2.0,,Low,5.466666666666666,23.963333333333328,Enterprise,0
IBM,International Business Machines Corporation,"One New Orchard Road
Armonk, NY 10504
United States",Technology,Information Technology Services,282200.0,"International Business Machines Corporation, together with its subsidiaries, provides integrated solutions and services worldwide. The company operates through Software, Consulting, Infrastructure, and Financing segments. The Software segment offers a hybrid cloud and AI platforms that allows clients to realize their digital and AI transformations across the applications, data, and environments in which they operate. The Consulting segment focuses on skills integration for strategy, experience, technology, and operations by domain and industry. The Infrastructure segment provides on-premises and cloud based server, and storage solutions, as well as life-cycle services for hybrid cloud infrastructure deployment. The Financing segment offers client and commercial financing, facilitates IBM clients' acquisition of hardware, software, and services. The company has a strategic partnership to various companies including hyperscalers, service providers, global system integrators, and software and hardware vendors that includes Adobe, Amazon Web services, Microsoft, Oracle, Salesforce, Samsung Electronics and SAP, and others. The company was formerly known as Computing-Tabulating-Recording Co. International Business Machines Corporation was incorporated in 1911 and is headquartered in Armonk, New York.",14.1,1.8,6.1,6.2,Moderate Controversy Level,2.0,,Low,4.7,6.3100000000000005,Enterprise,0
PODD,Insulet Corporation,"100 Nagog Park
Acton, MA 01720
United States",Healthcare,Medical Devices,3000.0,"Insulet Corporation develops, manufactures, and sells insulin delivery systems for people with insulin-dependent diabetes. The company's Omnipod platform includes the Omnipod 5 Automated Insulin Delivery System (Omnipod 5) which includes a proprietary AID algorithm embedded in the Pod that integrates with a third-party continuous glucose monitor to obtain glucose values through wireless bluetooth communication; Omnipod DASH that features a bluetooth enabled Pod that is controlled by a smartphone-like Personal Diabetes Manager with a color touch screen user interface; and Omnipod GO, a standalone, wearable, insulin delivery system that provides a fixed rate of continuous rapid-acting insulin for 72 hours. The company sells its products primarily through independent distributors and pharmacy channels, as well as directly in the United States, Canada, Europe, the Middle East, Australia, and internationally. Insulet Corporation was incorporated in 2000 and is headquartered in Acton, Massachusetts.",21.05,4.05,6.1,8.9,Unknown,2.0,,Unknown,6.349999999999999,5.927500000000002,Large,0
IR,Ingersoll Rand Inc.,"525 Harbour Place Drive
Suite 600
Davidson, NC 28036
United States",Industrials,Specialty Industrial Machinery,18000.0,"Ingersoll Rand Inc. provides various mission-critical air, gas, liquid, and solid flow creation technologies services and solutions worldwide. It operates through two segments, Industrial Technologies and Services, and Precision and Science Technologies. The Industrial Technologies and Services segment designs, manufactures, markets, and services air and gas compression, vacuum, and blower products; fluid transfer equipment and loading systems; and power tools and lifting equipment, including associated aftermarket parts, consumables, air treatment equipment, controls, other accessories, and services under the under the Ingersoll Rand, Gardner Denver, Nash, CompAir, Elmo Rietschle brands, etc. The Precision and Science Technologies segment designs, manufactures, and markets diaphragm, piston, water-powered, peristaltic, gear, vane, progressive cavity, and syringe pumps; and gas boosters, hydrogen compression systems, automated liquid handling systems, odorant injection systems, controls, software, and other related components and accessories for liquid and gas dosing, transfer, dispensing, compression, sampling, pressure management, and flow control in specialized or critical applications under the Air Dimensions, Albin, ARO, Dosatron, Haskel, Ingersoll Rand, LMI, Maximus, Milton Roy, MP, Oberdorfer, Seepex, Thomas, Welch, Williams, YZ, and Zinnser Analytic brand names. This segment's products are used in medical, life sciences, industrial manufacturing, water and wastewater, chemical processing, energy, food and beverage, agriculture, and other markets. It sells through an integrated network of direct sales representatives and independent distributors. The company was formerly known as Gardner Denver Holdings, Inc. and changed its name to Ingersoll Rand Inc. in March 2020. Ingersoll Rand Inc. was founded in 1859 and is headquartered in Davidson, North Carolina.",21.05,4.05,6.1,8.9,Unknown,2.0,,Unknown,6.349999999999999,5.927500000000002,Enterprise,0
ITW,Illinois Tool Works Inc.,"155 Harlem Avenue
Glenview, IL 60025
United States",Industrials,Specialty Industrial Machinery,45000.0,"Illinois Tool Works Inc. manufactures and sells industrial products and equipment in the United States and internationally. It operates through seven segments: Automotive OEM; Food Equipment; Test & Measurement and Electronics; Welding; Polymers & Fluids; Construction Products; and Specialty Products. The Automotive OEM segment offers plastic and metal components, fasteners, and assemblies for automobiles, light trucks, and other industrial uses. The Food Equipment segment provides warewashing, refrigeration, cooking, and food processing equipment; kitchen exhaust, ventilation, and pollution control systems; and food equipment maintenance and repair services. The Test & Measurement and Electronics segment produces and sells equipment, consumables, and related software for testing and measuring of materials and structures, as well as equipment and consumables used in the production of electronic subassemblies and microelectronics. The Welding segment produces arc welding equipment; and metal arc welding consumables and related accessories. The Polymers & Fluids segment produces adhesives, sealants, lubrication and cutting fluids, and fluids and polymers for auto aftermarket maintenance and appearance. The Construction Products segment offers engineered fastening systems and solutions for the residential construction, renovation/remodel, and commercial construction markets. The Specialty Products segment provides beverage packaging equipment and consumables, product coding and marking equipment and consumables, and appliance components and fasteners. It serves the automotive OEM and tiers, MRO, commercial food equipment, construction, general industrial, industrial capital goods, consumer durables, automotive aftermarket end, and other markets. The company distributes its products directly to industrial manufacturers, as well as through independent distributors. Illinois Tool Works Inc. was founded in 1912 and is based in Glenview, Illinois.",25.3,7.0,6.5,11.8,Moderate Controversy Level,2.0,,Medium,8.433333333333334,8.563333333333336,Enterprise,0
IEX,Idex Corporation,"3100 Sanders Road
Suite 301
Northbrook, IL 60062
United States",Industrials,Specialty Industrial Machinery,8800.0,"IDEX Corporation, together with its subsidiaries, provides applied solutions worldwide. The company operates through three segments: Fluid & Metering Technologies (FMT), Health & Science Technologies (HST), and Fire & Safety/Diversified Products (FSDP). The FMT segment designs, produces, and distributes positive displacement pumps, valves, small volume provers, flow meters, injectors, and other fluid-handling pump modules and systems, as well as flow monitoring and other services for the food, chemical, general industrial, water and wastewater, agricultural, and energy industries. The HST segment designs, produces, and distributes precision fluidics positive displacement pumps, powder and liquid processing technologies, drying systems, micro-precision components, pneumatic components and sealing solutions, high performance molded and extruded sealing components, custom mechanical and shaft seals, engineered hygienic mixers and valves, biocompatible medical devices and implantables, air compressors and blowers, optical components and coatings, laboratory and commercial equipment, and precision photonic solutions. This segment serves food and beverage, life sciences, analytical instruments, pharmaceutical and biopharmaceutical, industrial, semiconductor, automotive/transportation, medical/dental, energy, cosmetics, marine, chemical, wastewater and water treatment, research and aerospace/defense markets. The FSDP segment designs, produces, and distributes firefighting pumps, valves and controls, rescue tools, lifting bags, and other components and systems for the fire and rescue industry; engineered stainless steel banding and clamping devices for various industrial and commercial applications; and precision equipment for dispensing, metering, and mixing colorants and paints used in retail and commercial businesses. IDEX Corporation was incorporated in 1987 and is headquartered in Northbrook, Illinois.",29.3,10.3,5.3,13.7,None Controversy Level,2.0,,Medium,9.766666666666667,17.85333333333333,Large,0
HII,"Huntington Ingalls Industries, Inc.","4101 Washington Avenue
Newport News, VA 23607
United States",Industrials,Aerospace & Defense,44000.0,"Huntington Ingalls Industries, Inc. designs, builds, overhauls, and repairs military ships in the United States. It operates through three segments: Ingalls, Newport News, and Mission Technologies. The company is involved in the design and construction of non-nuclear ships comprising amphibious assault ships; expeditionary warfare ships; surface combatants; and national security cutters for the U.S. Navy and U.S. Coast Guard. It also provides nuclear-powered ships, such as aircraft carriers and submarines, as well as refueling and overhaul, and inactivation services of nuclear-powered aircraft carriers. In addition, the company offers naval nuclear support services, including fleet services comprising design, construction, maintenance, and disposal activities for in-service the U.S. Navy nuclear ships; and maintenance services on nuclear reactor prototypes. Further, the company provides C5ISR systems and operations; application of artificial intelligence and machine learning to battlefield decisions; defensive and offensive cyberspace strategies and electronic warfare; live, virtual, and constructive solutions; unmanned, autonomous systems; and fleet sustainment; and critical nuclear operations. Huntington Ingalls Industries, Inc. was founded in 1886 and is headquartered in Newport News, Virginia.",21.05,4.05,6.1,8.9,Unknown,2.0,,Unknown,6.349999999999999,5.927500000000002,Enterprise,0
HBAN,Huntington Bancshares Inc,"Huntington Center
41 South High Street
Columbus, OH 43287
United States",Financial Services,Banks - Regional,19719.0,"Huntington Bancshares Incorporated operates as the bank holding company for The Huntington National Bank that provides commercial, consumer, and mortgage banking services in the United States. The company offers financial products and services to consumer and business customers, including deposits, lending, payments, mortgage banking, dealer financing, investment management, trust, brokerage, insurance, and other financial products and services. It also provides 24-hour grace, asterisk-free checking, money scout, $50 safety zone, standby cash, early pay, instant access, savings goal getter, and Huntington heads up; digitally powered consumer and business financial solutions to consumer lending, regional banking, branch banking, and wealth management customers; direct and indirect consumer loans, as well as dealer finance loans and deposits; and private banking, wealth management and legacy planning through investment and portfolio management, fiduciary administration and trust, institutional custody, and full-service retail brokerage investment services. The company offers equipment financing, asset-based lending, distribution finance, structured lending, and municipal financing solutions, as well as Huntington ChoicePay. In addition, it offers lending, liquidity, treasury management and other payment services, and capital markets; government and non-profits, healthcare, technology and telecommunications, franchises, financial sponsors, and global services; and corporate risk management, institutional sales and trading, debt and equity issuance, and additional advisory services. The company offers its products through a network of channels, including branches and ATMs, online and mobile banking, and through customer call centers to customers in middle market banking, corporate, specialty, and government banking, asset finance, commercial real estate banking, and capital markets. The company was founded in 1866 and is headquartered in Columbus, Ohio.",21.8,2.0,8.7,11.2,Moderate Controversy Level,2.0,,Medium,7.3,22.63,Enterprise,0
HUM,Humana Inc.,"Humana Building
500 West Main Street P.O. Box 1438
Louisville, KY 40202
United States",Healthcare,Healthcare Plans,67600.0,"Humana Inc., together with its subsidiaries, provides medical and specialty insurance products in the United States. It operates through two segments, Insurance and CenterWell. The company offers medical and supplemental benefit plans to individuals. It has a contract with Centers for Medicare and Medicaid Services to administer the Limited Income Newly Eligible Transition prescription drug plan program; and contracts with various states to provide Medicaid, dual eligible, and long-term support services benefits. In addition, the company provides commercial fully-insured medical and specialty health insurance benefits comprising dental, vision, life insurance, and other supplemental health benefits, as well as administrative services only products to individuals and employer groups; military services, such as TRICARE T2017 East Region contract; and engages in the operations of pharmacy benefit manager business. Further, it operates pharmacies and senior focused primary care centers; and offers home solutions services, such as home health, hospice, and other services to its health plan members, as well as to third parties. The company sells its products through employers and employees, independent brokers and agents, sales representatives, and digital insurance agencies. The company was formerly known as Extendicare Inc. and changed its name to Humana Inc. in April 1974. Humana Inc. was founded in 1961 and is headquartered in Louisville, Kentucky.",22.5,0.0,5.7,16.7,Moderate Controversy Level,2.0,,Medium,7.466666666666666,72.06333333333333,Enterprise,0
HUBB,Hubbell Incorporated,"40 Waterview Drive
Shelton, CT 06484-1000
United States",Industrials,Electrical Equipment & Parts,18400.0,"Hubbell Incorporated, together with its subsidiaries, designs, manufactures, and sells electrical and utility solutions in the United States and internationally. It operates through two segments, Electrical Solutions and Utility Solutions. The Electrical Solution segment offers standard and special application wiring device products, rough-in electrical products, connector and grounding products, lighting fixtures, and other electrical equipment for use in industrial, commercial, and institutional facilities by electrical contractors, maintenance personnel, electricians, utilities, and telecommunications companies, as well as components and assemblies. It also designs and manufactures various industrial controls, and communication systems for use in the non-residential and industrial markets, as well as in the oil and gas, and mining industries. This segment sells its products through electrical and industrial distributors, home centers, retail and hardware outlets, lighting showrooms, and residential product-oriented internet sites; and special application products primarily through wholesale distributors to contractors, industrial customers, and original equipment manufacturers. The Utility Solution segment designs, manufactures, and sells electrical distribution, transmission, substation, and telecommunications products, such as arresters, insulators, connectors, anchors, bushings, and enclosures cutoffs and switches; and utility infrastructure products, including smart meters, communications systems, and protection and control devices. This segment sells its products to distributors. Its brand portfolio includes Hubbell, Kellems, Bryant, Burndy, CMC, Bell, TayMac, Wiegmann, Killark, Hawke, Aclara, Fargo, Quazite, Hot Box, etc. The company was founded in 1888 and is headquartered in Shelton, Connecticut.",19.6,5.6,4.9,9.1,None Controversy Level,2.0,,Low,6.533333333333334,5.063333333333333,Enterprise,0
HPQ,Hp Inc.,"1501 Page Mill Road
Palo Alto, CA 94304
United States",Technology,Computer Hardware,58000.0,"HP Inc. provides personal computing and other digital access devices, imaging and printing products, and related technologies, solutions, and services worldwide. The company operates through three segments: Personal Systems, Printing, and Corporate Investments. The Personal Systems segment offers commercial and consumer desktops and notebooks, workstations, commercial mobility devices, thin clients, retail point-of-sale systems, displays, software, support, and services, as well as hybrid systems, such as video conferencing solutions, cameras, headsets, voice, and related software products. The Printing segment provides consumer and commercial printer hardware, supplies, solutions, and services, as well as focuses on graphics and 3D printing and personalization solutions in the commercial and industrial markets. The Corporate Investments segment is involved in the business incubation and investment projects. It serves individual consumers, small- and medium-sized businesses, and large enterprises, including customers in the government, health, and education sectors. The company was formerly known as Hewlett-Packard Company and changed its name to HP Inc. in October 2015. HP Inc. was founded in 1939 and is headquartered in Palo Alto, California.",11.3,0.1,6.1,5.1,Moderate Controversy Level,2.0,,Low,3.766666666666666,10.333333333333332,Enterprise,0
HWM,Howmet Aerospace Inc.,"201 Isabella Street
Suite 200
Pittsburgh, PA 15212-5872
United States",Industrials,Aerospace & Defense,23200.0,"Howmet Aerospace Inc. provides advanced engineered solutions for the aerospace and transportation industries in the United States, Japan, France, Germany, the United Kingdom, Mexico, Italy, Canada, Poland, China, and internationally. It operates through four segments: Engine Products, Fastening Systems, Engineered Structures, and Forged Wheels. The Engine Products segment offers airfoils and seamless rolled rings primarily for aircraft engines and industrial gas turbines; and rotating and structural parts. The Fastening Systems segment produces aerospace fastening systems, as well as commercial transportation, industrial, and other fasteners; and latches, bearings, fluid fittings, and installation tools. The Engineered Structures segment provides titanium ingots and mill products, aluminum and nickel forgings, and machined components and assemblies for aerospace and defense applications; and titanium forgings, extrusions, and forming and machining services for airframe, wing, aero-engine, and landing gear components. The Forged Wheels segment offers forged aluminum wheels and related products for heavy-duty trucks and commercial transportation markets. The company was formerly known as Arconic Inc. Howmet Aerospace Inc. was founded in 1888 and is based in Pittsburgh, Pennsylvania.",21.05,4.05,6.1,8.9,Unknown,2.0,,Unknown,6.349999999999999,5.927500000000002,Enterprise,0
HD,"Home Depot, Inc.","2455 Paces Ferry Road
Atlanta, GA 30339
United States",Consumer Cyclical,Home Improvement Retail,465000.0,"The Home Depot, Inc. operates as a home improvement retailer in the United States and internationally. It sells various building materials, home improvement products, lawn and garden products, and décor products, as well as facilities maintenance, repair, and operations products. The company also offers installation services for flooring, water heaters, bath, garage doors, cabinets, cabinet makeovers, countertops, sheds, furnaces and central air systems, and windows. In addition, it provides tool and equipment rental services. The company primarily serves homeowners; and professional renovators/remodelers, general contractors, maintenance professionals, handymen, property managers, and building service contractors, as well as specialty tradesmen, such as electricians, plumbers, and painters. It sells its products through websites, including homedepot.com; homedepot.ca and homedepot.com.mx; blinds.com, justblinds.com, and americanblinds.com for custom window coverings; thecompanystore.com, an online site for textiles and décor products; hdsupply.com for maintenance, repair, and operations (MRO) products and related services; and The Home Depot stores. The Home Depot, Inc. was incorporated in 1978 and is headquartered in Atlanta, Georgia.",12.6,3.3,3.8,5.6,Moderate Controversy Level,2.0,,Low,4.233333333333333,1.463333333333333,Enterprise,0
HLT,Hilton Worldwide Holdings Inc.,"7930 Jones Branch Drive
Suite 1100
McLean, VA 22102
United States",Consumer Cyclical,Lodging,178000.0,"Hilton Worldwide Holdings Inc., a hospitality company, engages in managing, franchising, owning, and leasing hotels and resorts. It operates through two segments, Management and Franchise, and Ownership. The company engages in the hotel management and licensing of its brands. It operates luxury hotels under the Waldorf Astoria Hotels & Resorts, LXR Hotels & Resorts, and Conrad Hotels & Resorts brand; lifestyle hotels under the Canopy by Hilton, Curio Collection by Hilton, Tapestry Collection by Hilton, Tempo by Hilton, and Motto by Hilton brand; full service hotels under the Signia by Hilton, Hilton Hotels & Resorts, and DoubleTree by Hilton brand; service hotels under the Hilton Garden Inn, Hampton by Hilton, and Tru by Hilton brand; all-suite hotels under the Embassy Suites by Hilton, Homewood Suites by Hilton, and Home2 Suites by Hilton brand; and economy hotel under the Spark by Hilton brand, as well as Hilton Grand Vacations. The company operates in North America, South America, and Central America, including various Caribbean nations; Europe, the Middle East, and Africa; and the Asia Pacific. The company was founded in 1919 and is headquartered in McLean, Virginia.",17.6,6.1,4.4,7.0,Moderate Controversy Level,2.0,,Low,5.833333333333333,1.7433333333333327,Enterprise,0
HPE,Hewlett Packard Enterprise Company,"1701 East Mossy Oaks Road
Spring, TX 77389
United States",Technology,Communication Equipment,62000.0,"Hewlett Packard Enterprise Company provides solutions that allow customers to capture, analyze, and act upon data seamlessly in the Americas, Europe, the Middle East, Africa, the Asia Pacific, and Japan. It operates in six segments: Compute, HPC & AI, Storage, Intelligent Edge, Financial Services, and Corporate Investments and Other. The company offers general purpose servers for multi-workload computing and workload-optimized servers; HPE ProLiant rack and tower servers; HPE Synergy; HPE Alletra, HPE GreenLake, Zerto, HPE InfoSight, and HPE CloudPhysics storage products; HPE Cray EX, HPE Cray XD, and converged edge systems; and HPE Superdome Flex, HPE Nonstop, and HPE Integrity products. It also provides HPE Aruba products that includes hardware products, such as Wi-Fi access points, switches, and gateways; HPE Aruba Networking software and services comprising cloud-based management, network management and access control, analytics and assurance, software-defined wide-area networking, network security, analytics and assurance, and location services software; and professional and support services, as well as as-a-service and consumption models. In addition, the company offers leasing, financing, IT consumption, and utility programs and asset management services for customers to facilitate technology deployment models and the acquisition of various IT solutions, including hardware, software, and services from Hewlett Packard Enterprise and others; consultative-led services; HPE Ezmeral Container Platform; HPE Ezmeral Software Container Platform and HPE Ezmeral Software Data Fabric; OpsRamp; and Hewlett Packard Labs. It serves commercial and large enterprise groups, such as business and public sector enterprises; and through various partners comprising resellers, distribution partners, original equipment manufacturers, independent software vendors, systems integrators, and advisory firms. The company was founded in 1939 and is headquartered in Spring, Texas.",10.7,0.9,5.6,4.1,Moderate Controversy Level,2.0,,Low,3.533333333333333,5.763333333333332,Enterprise,0
HES,Hess Corporation,"1185 Avenue of the Americas
40th Floor
New York, NY 10036
United States",Energy,Oil & Gas E&P,1756.0,"Hess Corporation, an exploration and production company, explores, develops, produces, purchases, transports, and sells crude oil, natural gas liquids (NGLs), and natural gas. The company operates in two segments, Exploration and Production, and Midstream. It conducts production operations primarily in the United States, Guyana, the Malaysia/Thailand Joint Development Area, and Malaysia; and exploration activities principally offshore Guyana, the U.S. Gulf of Mexico, and offshore Suriname and Canada. The company is also involved in gathering, compressing, and processing natural gas; fractionating NGLs; gathering, terminaling, loading, and transporting crude oil and NGL through rail car; and storing and terminaling propane, as well as providing water handling services primarily in the Bakken Shale plays in the Williston Basin area of North Dakota. The company was incorporated in 1920 and is headquartered in New York, New York.",33.1,18.9,7.0,7.2,Moderate Controversy Level,2.0,,High,11.033333333333331,46.423333333333325,Large,0
HSIC,Henry Schein Inc,"135 Duryea Road
Melville, NY 11747
United States",Healthcare,Medical Distribution,25000.0,"Henry Schein, Inc. provides health care products and services to dental practitioners, laboratories, physician practices, and ambulatory surgery centers, government, institutional health care clinics, and other alternate care clinics worldwide. It operates through two segments, Health Care Distribution, and Technology and Value-Added Services. The Health Care Distribution segment offers dental products, including infection-control products, handpieces, preventatives, impression materials, composites, anesthetics, teeth, dental implants, gypsum, acrylics, articulators, abrasives, dental chairs, delivery units and lights, X-ray supplies and equipment, personal protective equipment, and high-tech and digital restoration equipment, as well as equipment repair services. This segment also provides medical products, such as branded and generic pharmaceuticals, vaccines, surgical products, diagnostic tests, infection-control products, X-ray products, equipment, and vitamins. The Technology and Value-Added Services segment offers software, technology, and other value-added services that include practice management software systems for dental and medical practitioners; and value-added practice solutions comprising practice consultancy, education, revenue cycle management and financial services, e-services, practice technology, and network and hardware services, as well as consulting, and continuing education services. Henry Schein, Inc. was founded in 1932 and is headquartered in Melville, New York.",13.9,2.0,6.3,5.7,Moderate Controversy Level,2.0,,Low,4.666666666666667,5.423333333333333,Enterprise,0
JKHY,Henry (Jack) & Associates,"663 West Highway 60
PO Box 807
Monett, MO 65708
United States",Technology,Information Technology Services,7120.0,"Jack Henry & Associates, Inc., a financial technology company that connects people and financial institutions through technology solutions and payment processing services that reduce the barriers to financial health. It operates through four segments: Core, Payments, Complementary, and Corporate and Other. The company offers information and transaction processing solutions for banks ranging from community to multi-billion-dollar asset institutions; core data processing solutions for various credit unions; and specialized financial performance, imaging and payments processing, information security and risk management, retail delivery, and online and mobile solutions to financial services organizations and corporate entities. It also provides a suite of integrated applications required to process deposit, loan, and general ledger transactions, as well as to maintain centralized customer/member information; and complementary products and services that enable core bank and credit union clients to respond to evolving customer/member demands. In addition, the company's core banking platform offerings include SilverLake system, a robust system primarily designed for commercial-focused banks; CIF 20/20, a parameter-driven, easy-to-use system for banks; and Core Director, a cost-efficient system with point-and-click operation, as well as core credit union platform under the Symitar name. Further, it provides digital products and services and electronic payment solutions; purchases and resells hardware systems, including servers, workstations, scanners, and other devices; implementation, training, and support services; and software licensing and related services, professional services, and data centers. Jack Henry & Associates, Inc. was founded in 1976 and is headquartered in Monett, Missouri.",18.7,4.3,5.7,8.7,None Controversy Level,2.0,,Low,6.233333333333333,5.053333333333332,Large,0
DOC,"Healthpeak Properties, Inc.","4600 South Syracuse Street
Suite 500
Denver, CO 80237
United States",Real Estate,Reit - Healthcare Facilities,193.0,"Healthpeak Properties, Inc. is a fully integrated real estate investment trust (REIT) and S&P 500 company. Healthpeak owns, operates, and develops high-quality real estate for healthcare discovery and delivery.",21.05,4.05,6.1,8.9,Unknown,2.0,,Unknown,6.349999999999999,5.927500000000002,Medium,0
HAS,"Hasbro, Inc.","1027 Newport Avenue
Pawtucket, RI 02861
United States",Consumer Cyclical,Leisure,5502.0,"Hasbro, Inc., together with its subsidiaries, operates as a toy and game company in the United States, Europe, Canada, Mexico, Latin America, Australia, China, and Hong Kong. The company operates through Consumer Products; Wizards of the Coast and Digital Gaming; Entertainment; and Corporate and Other segments. The Consumer Products segment engages in the sourcing, marketing, and sale of toy and game products. This segment also promotes its brands through the out-licensing of trademarks, characters, and other brand and intellectual property rights to third parties through the sale of branded consumer products, such as toys and apparel. Its toys and games include action figures, arts and crafts and creative play products, dolls, play sets, preschool toys, plush products, sports action blasters and accessories, vehicles and toy-related specialty products, games, and other consumer products; and licensed products, such as apparel, publishing products, home goods and electronics, and toy products. The Wizards of the Coast and Digital Gaming segment engages in the promotion of its brands through the development of trading cards, role-playing, and digital game experiences based on Hasbro and Wizards of the Coast games. The Entertainment segment engages in the development, production, and sale of entertainment content, including film, television, children's programming, digital content, and live entertainment. The company sells its products to retailers, distributors, wholesalers, discount stores, specialty hobby stores, drug stores, mail order houses, catalog stores, department stores, and other traditional retailers, as well as e-commerce retailers; and directly to customers through its e-commerce websites under the MAGIC: THE GATHERING, Hasbro Gaming, PLAY-DOH, NERF, TRANSFORMERS, DUNGEONS & DRAGONS, PEPPA PIG, and other brand names. Hasbro, Inc. was founded in 1923 and is headquartered in Pawtucket, Rhode Island.",7.1,0.0,4.2,2.9,Moderate Controversy Level,2.0,,Low,2.3666666666666667,4.623333333333333,Large,0
HAL,Halliburton Company,"3000 North Sam Houston Parkway East
Houston, TX 77032
United States",Energy,Oil & Gas Equipment & Services,49000.0,"Halliburton Company provides products and services to the energy industry worldwide. It operates through two segments, Completion and Production, and Drilling and Evaluation. The Completion and Production segment offers production enhancement services that include stimulation and sand control services; cementing services, such as well bonding and casing, and casing equipment; and completion tools that offer downhole solutions and services, including well completion products and services, intelligent well completions, and service tools, as well as liner hanger, sand control, and multilateral systems. This segment also provides electrical submersible pumps, as well as artificial lift services; production solutions comprising coiled tubing, hydraulic workover units, downhole tools, and pumping and nitrogen services; pipeline and process services, such as pre-commissioning, commissioning, maintenance, and decommissioning; and specialty chemicals and services. The Drilling and Evaluation segment offers drilling fluid systems, performance additives, completion fluids, solids control, specialized testing equipment, and waste management services; drilling systems and services; wireline and perforating services consists of open-hole logging, and cased-hole and slickline; and drill bits and services comprising roller cone rock bits, fixed cutter bits, hole enlargement, and related downhole tools and services, as well as coring equipment and services. This segment also provides cloud based digital services and artificial intelligence solutions on an open architecture for subsurface insights, integrated well construction, and reservoir and production management; testing and subsea services, such as acquisition and analysis of reservoir information and optimization solutions; and project management and integrated asset management services. Halliburton Company was founded in 1919 and is based in Houston, Texas.",25.6,9.8,6.9,8.9,Moderate Controversy Level,2.0,,Medium,8.533333333333333,2.2033333333333336,Enterprise,0
GS,Goldman Sachs Group Inc.,"200 West Street
New York, NY 10282
United States",Financial Services,Capital Markets,44400.0,"The Goldman Sachs Group, Inc., a financial institution, provides a range of financial services for corporations, financial institutions, governments, and individuals worldwide. It operates through Global Banking & Markets, Asset & Wealth Management, and Platform Solutions segments. The Global Banking & Markets segment provides financial advisory services, including strategic advisory assignments related to mergers and acquisitions, divestitures, corporate defense activities, restructurings, and spin-offs; and relationship lending, and acquisition financing, as well as secured lending, through structured credit and asset-backed lending and involved in financing under securities to resale agreements. This segment also offers client execution activities for cash and derivative instruments; credit and interest rate products; and provision of mortgages, currencies, commodities, and equities related products, as well as underwriting services. The Asset & Wealth Management segment manages assets across various classes, including equity, fixed income, hedge funds, credit funds, private equity, real estate, currencies, and commodities; and provides customized investment advisory solutions, wealth advisory services, personalized financial planning, and private banking services, as well as invests in corporate equity, credit, real estate, and infrastructure assets. The Platform Solutions segment offers credit cards and point-of-sale financing for purchase of goods or services. This segment also provides cash management services, such as deposit-taking and payment solutions for corporate and institutional clients. The Goldman Sachs Group, Inc. was founded in 1869 and is headquartered in New York, New York.",25.5,0.9,11.8,12.8,Moderate Controversy Level,2.0,,Medium,8.5,43.57,Enterprise,0
GL,Globe Life Inc.,"3700 South Stonebridge Drive
P. O. Box 8080
McKinney, TX 75070-8080
United States",Financial Services,Insurance - Life,3636.0,"Globe Life Inc., through its subsidiaries, provides various life and supplemental health insurance products, and annuities to lower middle- and middle-income families in the United States. The company operates in four segments: Life Insurance, Supplemental Health Insurance, Annuities, and Investments. It offers whole, term, and other life insurance products; Medicare supplement and supplemental health insurance products, such as accident, cancer, critical illness, heart, and intensive care plans; and single-premium and flexible-premium deferred annuities. The company sells its products through its direct to consumer division, exclusive agencies, and independent agents. The company was formerly known as Torchmark Corporation and changed its name to Globe Life Inc. in August 2019. Globe Life Inc. was founded in 1900 and is headquartered in McKinney, Texas.",20.4,1.6,10.5,8.3,Moderate Controversy Level,2.0,,Medium,6.8,21.49,Large,0
GILD,Gilead Sciences Inc,"333 Lakeside Drive
Foster City, CA 94404
United States",Healthcare,Drug Manufacturers - General,18000.0,"Gilead Sciences, Inc., a biopharmaceutical company, discovers, develops, and commercializes medicines in the areas of unmet medical need in the United States, Europe, and internationally. The company provides Biktarvy, Genvoya, Descovy, Odefsey, Truvada, Complera/ Eviplera, Stribild, Sunlencs, and Atripla products for the treatment of HIV/AIDS; Veklury, an injection for intravenous use, for the treatment of COVID-19; and Epclusa, Harvoni, Vemlidy, and Viread for the treatment of viral hepatitis. It also offers Yescarta, Tecartus, and Trodelvy products for the treatment of oncology; Letairis, an oral formulation for the treatment of pulmonary arterial hypertension; and AmBisome, a liposomal formulation for the treatment of serious invasive fungal infections. The company has collaboration agreements with Arcus Biosciences, Inc.; Merck Sharp & Dohme Corp.; Pionyr Immunotherapeutics Inc.; Tizona Therapeutics, Inc.; Galapagos NV; Janssen Sciences Ireland Unlimited Company; Japan Tobacco, Inc.; Dragonfly Therapeutics, Inc.; Arcellx, Inc.; Everest Medicines; Merck & Co, Inc.; Tentarix Biotherapeutics Inc.; and Assembly Biosciences, Inc. It also has research collaboration, option, and license agreement with Merus N.V. for the discovery of novel dual tumor-associated antigens (TAA) targeting trispecific antibodies. The company was incorporated in 1987 and is headquartered in Foster City, California.",23.0,1.0,7.6,14.3,Moderate Controversy Level,2.0,,Medium,7.633333333333333,44.223333333333336,Enterprise,0
GPC,Genuine Parts Company,"2999 Wildwood Parkway
Atlanta, GA 30339
United States",Consumer Cyclical,Auto Parts,60000.0,"Genuine Parts Company distributes automotive replacement parts, and industrial parts and materials. It operates in two segments: Automotive Parts Group and Industrial Parts Group segments. The company distributes automotive replacement parts for hybrid and electric vehicles, trucks, SUVs, buses, motorcycles, recreational vehicles, farm vehicles, small engines, farm equipment, marine equipment, and heavy duty equipment; and equipment and parts used by repair shops, service stations, fleet operators, automobile and truck dealers, leasing companies, bus and truck lines, mass merchandisers, farms, and individuals. It also distributes industrial replacement parts and related supplies, such as abrasives, adhesives, sealants and tape, bearings, chemicals, cutting tools, electrical, facility maintenance, hose and fittings, hydraulics, janitorial, mechanical power transmission, pneumatics, process pumps and equipment, safety, seals and gaskets, and tools and testing instruments, as well as maintenance, repair, and operation customers in aggregate and cement, automotive, chemical and allied products, equipment and machinery, equipment rental and leasing, fabricated metals, food and beverage, iron and steel, lumber and wood, oil and gas, pulp and paper, and rubber products. In addition, the company provides various services and repairs comprising gearbox and fluid power and process pump assembly and repair, hydraulic drive shaft repair, electrical panel assembly and repair, hose and gasket manufacture and assembly. It operates in the United States, Canada, France, the United Kingdom, Ireland, Germany, Poland, the Netherlands, Belgium, Spain, Portugal, Australia, New Zealand, Mexico, Indonesia, and Singapore. The company was incorporated in 1928 and is headquartered in Atlanta, Georgia.",13.7,4.7,3.8,5.2,Moderate Controversy Level,2.0,,Low,4.566666666666666,0.5033333333333336,Enterprise,0
GIS,"General Mills, Inc.","Number One General Mills Boulevard
Minneapolis, MN 55426
United States",Consumer Defensive,Packaged Foods,34000.0,"General Mills, Inc. manufactures and markets branded consumer foods worldwide. The company operates through four segments: North America Retail; International; Pet; and North America Foodservice. It offers grain, ready-to-eat cereals, refrigerated yogurt, soup, meal kits, refrigerated and frozen dough products, dessert and baking mixes, bakery flour, frozen pizza and pizza snacks, snack bars, fruit and salty snacks, ice cream and frozen desserts, nutrition bars, and savory snacks, as well as various organic products, including frozen and shelf-stable vegetables. It also manufactures and markets pet food products, including dog and cat food. The company markets its products under the Annie's, Betty Crocker, Bisquick, Blue Buffalo, Blue Basics, Blue Freedom, Bugles, Cascadian Farm, Cheerios, Chex, Cinnamon Toast Crunch, Cocoa Puffs, Cookie Crisp, EPIC, Fiber One, Fruit by the Foot, Fruit Gushers, Fruit Roll-Ups, Gardetto's, Go-Gurt, Gold Medal, Golden Grahams, Häagen-Dazs, Kitano, Kix, Lärabar, Latina, Lucky Charms, Muir Glen, Nature Valley, Nudges, Oatmeal Crisp, Old El Paso, Pillsbury, Progresso, Raisin Nut Bran, Total, Top Chews Naturals, Totino's, Trix, True Chews, Wanchai Ferry, Wheaties, Wilderness, Yoki, Reese's Puffs, Green Giant, and Yoplait trademarks. It sells its products directly, as well as through broker and distribution arrangements to grocery stores, mass merchandisers, membership stores, natural food chains, e-commerce retailers, commercial and noncommercial foodservice distributors and operators, restaurants, convenience stores, and pet specialty stores, as well as drug, dollar, and discount chains. In addition, the company operates ice cream parlors. General Mills, Inc. was founded in 1866 and is headquartered in Minneapolis, Minnesota.",21.1,8.3,4.1,8.7,Moderate Controversy Level,2.0,,Medium,7.033333333333334,6.493333333333334,Enterprise,0
GNRC,Generac Holdings Inc,"S45 W29290 Highway 59
Waukesha, WI 53189
United States",Industrials,Specialty Industrial Machinery,8315.0,"Generac Holdings Inc. designs, manufactures, and distributes various energy technology products and solution worldwide. The company offers residential automatic standby generators, automatic transfer switch, air-cooled engine residential standby generators, and liquid-cooled engine generators; Mobile Link, a remote monitoring system for home standby generators; residential storage solution, which consists of a system of batteries, an inverter, photovoltaic optimizers, power electronic controls, and other components; smart home solutions, such as smart thermostats and a suite of home monitoring products. It also provides smart home energy management devices and sensors for heating and cooling system; smart doorbell cameras; and portable and inverter generators; multiple portable battery solutions; manual transfer switches; outdoor power equipment, including trimmers, field and brush mowers, log splitters, stump grinders, chipper shredders, lawn and leaf vacuums, and pressure washers and water pumps; and battery-powered turf care products. In addition, the company offers commercial and industrial products comprising cleaner-burning natural gas fueled generators; light-commercial standby generators and related transfer switches; stationary generators; single-engine industrial generators; industrial standby generators; industrial transfer switches; light towers, mobile generators, commercial mobile pumps, heaters, dust-suppression equipment, and mobile energy storage systems; stationary energy storage system and related inverter products; and aftermarket service parts and product accessories. The company distributes its products through independent residential dealers, industrial distributors and dealers, national and regional retailers, e-commerce partners, electrical/HVAC/solar wholesalers, solar installers, catalogs, equipment rental companies, and other equipment distributors; and directly to end users. The company was founded in 1959 and is headquartered in Waukesha, Wisconsin.",21.05,4.05,6.1,8.9,Unknown,2.0,,Unknown,6.349999999999999,5.927500000000002,Large,0
GEN,Gen Digital Inc.,"60 East Rio Salado Parkway
Suite 1000
Tempe, AZ 85281
United States",Technology,Software - Infrastructure,3400.0,"Gen Digital Inc. engages in the provision of cyber safety solutions for consumers in the United States, Canada, Latin America, Europe, the Middle East, Africa, the Asia Pacific, and Japan. The company offers security and performance products under Norton, Avast, Avira, AVG, and CCleaner brands that provide real-time protection and maintenance for PCs, Macs, and mobile devices against malware, viruses, adware, and other online threats. It also provides identity protection solutions, including LifeLock Identity Theft Protection, Avast and AVG Secure Identity, Norton Identity Theft Protection, and Dark Web Monitoring for monitoring of credit reports, financial accounts, the dark web, and social media accounts to help safeguard customers' personal information. In addition, the company offers Virtual Private Network (VPN) solutions under Norton, Avast and AVG brands to enhance security and online privacy that allows customers to securely transmit and access private information, such as passwords, bank details, and credit card numbers, when using public Wi-Fi on PCs, Macs, and mobile iOS and Android devices; AntiTrack and Secure Browser products which helps to keep personal information and browsing activity anonymous while browsing online; and Privacy Monitor Assistant and BreachGuard products for removing customers' data from public data broker sites; and ReputationDefender, a white glove service that helps customers manage all aspects of their personal branding online, including search results, social media sites, and overall web presence. It markets and sells its products and related services through retailers, telecom service providers, hardware original equipment manufacturers, and employee benefit providers, as well as e-commerce platform. The company was formerly known as NortonLifeLock Inc. and changed its name to Gen Digital Inc. in November 2022. Gen Digital Inc. was founded in 1982 and is headquartered in Tempe, Arizona.",16.9,3.3,5.4,8.2,Moderate Controversy Level,2.0,,Low,5.633333333333333,6.043333333333332,Large,0
GEV,Ge Vernova Inc.,"58 Charles Street
Cambridge, MA 02141
United States",Utilities,Utilities - Renewable,80000.0,"GE Vernova Inc., an energy business company, generates, transfers, orchestrates, converts, and stores electricity. It operates under three segments: Power, Wind, and Electrification. The Power segments generates and sells electricity through hydro, gas, nuclear, and steam power; Wind segment engages in the manufacturing and sale of wind turbine blades; and Electrification segment provides grid solutions, power conversion, solar, and storage solutions. The company was incorporated in 2023 and is based in Cambridge, Massachusetts.",21.05,4.05,6.1,8.9,Unknown,2.0,,Unknown,6.349999999999999,5.927500000000002,Enterprise,0
GEHC,Ge Healthcare Technologies Inc.,"500 West Monroe Street
Chicago, IL 60661
United States",Healthcare,Health Information Services,51000.0,"GE HealthCare Technologies Inc. engages in the development, manufacture, and marketing of products, services, and complementary digital solutions used in the diagnosis, treatment, and monitoring of patients in the United States, Canada, and internationally. The company operates through four segments: Imaging, Ultrasound, Patient Care Solutions, and Pharmaceutical Diagnostics. The Imaging segment offers molecular imaging, computed tomography (CT) scanning, magnetic resonance (MR) imaging, image-guided therapy, X-ray systems, and women's health products. The Ultrasound segment provides medical devices and solutions for screening, diagnosis, treatment, and monitoring of certain diseases in clinical areas, such as radiology and primary care, women's health, cardiovascular, and point of care and handheld ultrasound solutions, as well as surgical visualization and guidance products. The Patient Care Solutions segment provides medical devices, consumables, services, and digital solutions. Its portfolio includes patient monitoring solutions, anesthesia delivery and respiratory care products, electrocardiogram solutions, maternal infant care products, and consumables and services. The Pharmaceutical Diagnostics supplies diagnostic agents, including CT, angiography and X-ray, MR, single-photon emission computed tomography, positron emission tomography, and ultrasound to the radiology and nuclear medicine industry. The segment also provides contrast media pharmaceuticals that are administered to a patient prior to certain diagnostic scans to increase the visibility of tissues or structures during imaging exams; and molecular imaging agents or radiopharmaceuticals, which are molecular tracers labeled with radioisotopes. It has an AI collaboration with Mass General Brigham. The company was formerly known as GE Healthcare Holding LLC and changed its name to GE HealthCare Technologies Inc. in December 2022. The company was incorporated in 2022 and is headquartered in Chicago, Illinois.",21.05,4.05,6.1,8.9,Unknown,2.0,,Unknown,6.349999999999999,5.927500000000002,Enterprise,0
BEN,"Franklin Resources, Inc.","One Franklin Parkway
San Mateo, CA 94403
United States",Financial Services,Asset Management,10100.0,"Franklin Resources, Inc. is a publicly owned asset management holding company. Through its subsidiaries, the firm provides its services to individuals, institutions, pension plans, trusts, and partnerships. It launches equity, fixed income, balanced, and multi-asset mutual funds through its subsidiaries. The firm invests in the public equity, fixed income, and alternative markets. Franklin Resources, Inc. was founded in 1947 and is based in San Mateo, California with an additional office in Calgary, Canada; Dubai, United Arab Emirates; Edinburgh, United Kingdom; Fort Lauderdale, United States; Hyderabad, India; London, United Kingdom; Rancho Cordova, United states; Shanghai, China; Singapore; Stamford, United States; and Vienna, Austria.",18.3,1.1,7.3,9.9,Moderate Controversy Level,2.0,,Low,6.1000000000000005,20.439999999999998,Enterprise,0
FOX,Fox Corporation Class B,"1211 Avenue of the Americas
New York, NY 10036
United States",Communication Services,Entertainment,10400.0,"Fox Corporation operates as a news, sports, and entertainment company in the United States (U.S.). The company operates through Cable Network Programming; Television; and Other, Corporate and Eliminations segments. The Cable Network Programming segment produces and licenses news, business news, and sports content for distribution through traditional cable television systems, direct broadcast satellite operators, and telecommunication companies, virtual multi-channel video programming distributors, and other digital platforms primarily in the U.S. Television segment produces, acquires, markets, and distributes programming through the FOX broadcast network, advertising supported video-on-demand service Tubi, and power broadcast television stations including duopolies and other digital platform; and engages in production of content for company and third parties. Other, Corporate and Eliminations segment comprises the FOX Studio Lot which provides television and film production services including office space, studio operation services, and facility operations; and Credible, a U.S. consumer finance marketplace. The company was incorporated in 2018 and is headquartered in New York, New York.",21.05,4.05,6.1,8.9,Unknown,2.0,,Unknown,6.349999999999999,5.927500000000002,Enterprise,0
FOXA,Fox Corporation Class A,"1211 Avenue of the Americas
New York, NY 10036
United States",Communication Services,Entertainment,10400.0,"Fox Corporation operates as a news, sports, and entertainment company in the United States (U.S.). The company operates through Cable Network Programming; Television; and Other, Corporate and Eliminations segments. The Cable Network Programming segment produces and licenses news, business news, and sports content for distribution through traditional cable television systems, direct broadcast satellite operators, and telecommunication companies, virtual multi-channel video programming distributors, and other digital platforms primarily in the U.S. Television segment produces, acquires, markets, and distributes programming through the FOX broadcast network, advertising supported video-on-demand service Tubi, and power broadcast television stations including duopolies and other digital platform; and engages in production of content for company and third parties. Other, Corporate and Eliminations segment comprises the FOX Studio Lot which provides television and film production services including office space, studio operation services, and facility operations; and Credible, a U.S. consumer finance marketplace. The company was incorporated in 2018 and is headquartered in New York, New York.",21.05,4.05,6.1,8.9,Unknown,2.0,,Unknown,6.349999999999999,5.927500000000002,Enterprise,0
FI,"Fiserv, Inc.","600 N. Vel R. Phillips Ave
Milwaukee, WI 53203
United States",Technology,Information Technology Services,42000.0,"Fiserv, Inc., together with its subsidiaries, provides payments and financial services technology services in the United States, Europe, the Middle East and Africa, Latin America, the Asia-Pacific, and internationally. It operates through Merchant Acceptance, Financial Technology, and Payments and Network segments. The Merchant Acceptance segment provides merchant acquiring and digital commerce services; mobile payment services; security and fraud protection products; Clover, a cloud based POS and integrated commerce operating system for small and mid-sized businesses and independent software vendors; and Carat, an integrated operating system for large businesses. This segment distributes through various channels, including direct sales teams, strategic partnerships with agent sales forces, independent software vendors, financial institutions, and other strategic partners in the form of joint venture alliances, revenue sharing alliances, and referral agreement. The Financial Technology segment offers customer deposit and loan accounts, as well as manages an institution's general ledger and central information files. This segment also provides digital banking, financial and risk management, professional services and consulting, check processing, and other products and services. The Payments and Network segment offers card transactions, such as debit, credit, and prepaid card processing and services; funds access, debit payments, cardless ATM access, and surcharge-free ATM network; security and fraud protection products; card production; print services; and various network services, as well as non-card digital payment software and services, including bill payment, account-to-account transfers, person-to-person payments, electronic billing, and security and fraud protection products. It serves merchants, banks, credit unions, other financial institutions, and corporate clients. Fiserv, Inc. was incorporated in 1984 and is headquartered in Milwaukee, Wisconsin.",19.6,4.1,6.8,8.7,Moderate Controversy Level,2.0,,Low,6.533333333333332,5.343333333333332,Enterprise,0
FSLR,"First Solar, Inc.","350 West Washington Street
Suite 600
Tempe, AZ 85288
United States",Technology,Solar,6700.0,"First Solar, Inc., a solar technology company, provides photovoltaic (PV) solar energy solutions in the United States, France, Japan, Chile, and internationally. The company manufactures and sells PV solar modules with a thin film semiconductor technology that provides a lower-carbon alternative to conventional crystalline silicon PV solar modules. It designs, manufactures, and sells cadmium telluride solar modules that converts sunlight into electricity. The company's residual business operations include project development activities, operations and maintenance services, and the sale of PV solar power systems to third-party customers. It serves developers and operators of systems, utilities, independent power producers, commercial and industrial companies, and other system owners. The company was formerly known as First Solar Holdings, Inc. and changed its name to First Solar, Inc. in 2006. First Solar, Inc. was founded in 1999 and is headquartered in Tempe, Arizona.",21.05,4.05,6.1,8.9,Unknown,2.0,,Unknown,6.349999999999999,5.927500000000002,Large,0
FITB,Fifth Third Bancorp,"38 Fountain Square Plaza
Cincinnati, OH 45263
United States",Financial Services,Banks - Regional,18657.0,"Fifth Third Bancorp operates as the bank holding company for Fifth Third Bank, National Association that engages in the provision of a range of financial products and services in the United States. It operates through three segments: Commercial Banking, Consumer and Small Business Banking, and Wealth and Asset Management. The Commercial Banking segment offers credit intermediation, cash management, and financial services; lending and depository products; and cash management, foreign exchange and international trade finance, derivatives and capital markets services, asset-based lending, real estate finance, public finance, commercial leasing, and syndicated finance for business, government, and professional customers. The Consumer and Small Banking segment provides a range of deposit and loan products to individuals and small businesses; home equity loans and lines of credit; credit cards; and cash management services. This segment also engages in the residential mortgage that include origination, retention and servicing of residential mortgage loans, sales and securitizations of loans, and hedging activities; indirect lending, including extending loans to consumers through automobile dealers, motorcycle dealers, powersport dealers, recreational vehicle dealers, and marine dealers; and home improvement and solar energy installation loans through contractors and installers. The Wealth & Asset Management segment provides various wealth management services for individuals, companies, and not-for-profit organizations. It offers retail brokerage services to individual clients; and broker dealer services to the institutional marketplace. This segment also provides wealth planning, investment management, banking, insurance, and trust and estate services; and advisory services for institutional clients comprising middle market businesses, non-profits, states, and municipalities. The company was founded in 1858 and is headquartered in Cincinnati, Ohio.",16.8,1.2,7.5,8.1,Moderate Controversy Level,2.0,,Low,5.599999999999999,14.61,Enterprise,0
FDX,Fedex Corporation,"942 South Shady Grove Road
Memphis, TN 38120
United States",Industrials,Integrated Freight & Logistics,328000.0,"FedEx Corporation provides transportation, e-commerce, and business services in the United States and internationally. It operates through FedEx Express, FedEx Ground, FedEx Freight, and FedEx Services segments. The FedEx Express segment offers express transportation, small-package ground delivery, and freight transportation services; and time-critical transportation services. The FedEx Ground segment provides small-package ground delivery services. The FedEx Freight segment offers less-than-truckload freight transportation services. The FedEx Services segment provides sales, marketing, information technology, communications, customer service, technical support, billing and collection, and back-office support services. In addition, the company offers supply chain management solutions; and air and ocean cargo transportation, specialty transportation, customs brokerage, and trade management tools and data. The company was founded in 1971 and is headquartered in Memphis, Tennessee.",19.7,5.7,5.6,8.4,Moderate Controversy Level,2.0,,Low,6.566666666666667,2.5233333333333343,Enterprise,0
FAST,Fastenal Co,"2001 Theurer Boulevard
Winona, MN 55987-1500
United States",Industrials,Industrial Distribution,20935.0,"Fastenal Company, together with its subsidiaries, engages in the wholesale distribution of industrial and construction supplies in the United States, Canada, Mexico, North America, and internationally. It offers fasteners, and related industrial and construction supplies under the Fastenal name. The company's fastener products include threaded fasteners, bolts, nuts, screws, studs, and related washers that are used in manufactured products and construction projects, as well as in the maintenance and repair of machines. It also offers miscellaneous supplies and hardware, including pins, machinery keys, concrete anchors, metal framing systems, wire ropes, strut products, rivets, and related accessories. The company serves the manufacturing market comprising original equipment manufacturers; maintenance, repair, and operations customers; non-residential construction market; farmers, truckers, railroads, mining companies, schools, and retail trades; and oil exploration, production, and refinement companies, as well as federal, state, and local governmental entities. Fastenal Company was founded in 1967 and is headquartered in Winona, Minnesota.",24.7,9.3,7.1,8.3,Moderate Controversy Level,2.0,,Medium,8.233333333333334,1.2133333333333347,Enterprise,0
FICO,Fair Isaac Corporation,"5 West Mendenhall
Suite 105
Bozeman, MT 59715
United States",Technology,Software - Application,3550.0,"Fair Isaac Corporation develops analytic, software, and digital decisioning technologies and services that enable businesses to automate, enhance, and connect decisions in the Americas, Europe, the Middle East, Africa, and the Asia Pacific. The company operates in two segments, Scores and Software. The Software segment provides pre-configured analytic and decision management solution designed for various business needs or processes, such as account origination, customer management, customer engagement, fraud detection, financial crimes compliance, and marketing, as well as associated professional services. This segment also offers FICO Platform, a modular software offering designed to support advanced analytic and decision use cases, as well as stand-alone analytic and decisioning software that can be configured by customers to address a wide range of business use cases. The Scores segment provides business-to-business scoring solutions and services for consumers that give clients access to predictive credit and other scores that can be integrated into their transaction streams and decision-making processes, as well as business-to-consumer scoring solutions comprising myFICO.com subscription offerings. It offers FICO Customer Analytics, FICO Responsible AI, FICO Advisors, FICO Business Outcome Simulator, FICO Forecaster, FICO TRIAD Customer Manager, FICO Blaze Advisor, FICO Xpress Optimization, FICO Falcon Fraud Manager, FICO Analytics Workbench, FICO Data Orchestrator, FICO DMP Streaming, FICO Decision Optimizer, and FICO Strategy Director, as well as software implementation and configuration services. The company markets its products and services primarily through its direct sales organization and indirect channels, as well as online. The company was formerly known as Fair Isaac & Company, Inc. and changed its name to Fair Isaac Corporation in July 1992. Fair Isaac Corporation was founded in 1956 and is headquartered in Bozeman, Montana.",21.05,4.05,6.1,8.9,Unknown,2.0,,Unknown,6.349999999999999,5.927500000000002,Large,0
EXPD,"Expeditors International of Washington, Inc.","1015 Third Avenue
Seattle, WA 98104
United States",Industrials,Integrated Freight & Logistics,18403.0,"Expeditors International of Washington, Inc., together with its subsidiaries, provides logistics services worldwide. The company offers airfreight services, such as air freight consolidation and forwarding; ocean freight and ocean services, including ocean freight consolidation, direct ocean forwarding, and order management; customs brokerage, import, intra-continental ground transportation and delivery, and warehousing and distribution services; and customs clearance, purchase order management, vendor consolidation, time-definite transportation services, temperature-controlled transit, cargo insurance, specialized cargo monitoring and tracking, and other supply chain solutions. It also provides optimization, trade compliance consulting, cargo security, and solutions. In addition, it acts as a freight consolidator or as an agent for the airline that carries the shipment. Further, the company provides ancillary services that include preparation of shipping and customs documentation, packing, crating, insurance services, and the preparation of documentation to comply with local import and export laws. Its customers include retailing and wholesaling, electronics, technology, and industrial and manufacturing companies. The company was incorporated in 1979 and is headquartered in Seattle, Washington.",16.6,4.2,4.8,7.6,Moderate Controversy Level,2.0,,Low,5.533333333333334,3.2933333333333326,Enterprise,0
EXPE,"Expedia Group, Inc.","1111 Expedia Group Way West
Seattle, WA 98119
United States",Consumer Cyclical,Travel Services,17100.0,"Expedia Group, Inc. operates as an online travel company in the United States and internationally. The company operates through B2C, B2B, and trivago segments. Its B2C segment includes Brand Expedia, a full-service online travel brand offers various travel products and services; Hotels.com for lodging accommodations; Vrbo, an online marketplace for the alternative accommodations; Orbitz, Travelocity, Wotif Group, ebookers, CheapTickets, Hotwire.com and CarRentals.com. The company's B2B segment provides various travel and non-travel companies including airlines, offline travel agents, online retailers, corporate travel management, and financial institutions who leverage its travel technology and tap into its diverse supply to augment their offerings and market Expedia Group rates and availabilities to its travelers. Its trivago segment, a hotel metasearch website, which send referrals to online travel companies and travel service providers from hotel metasearch websites. In addition, the company provides brand advertising through online and offline channels, loyalty programs, mobile apps, and search engine marketing, as well as metasearch, social media, direct and personalized traveler communications on its websites, and through direct e-mail communication with its travelers. The company was formerly known as Expedia, Inc. and changed its name to Expedia Group, Inc. in March 2018. Expedia Group, Inc. was founded in 1996 and is headquartered in Seattle, Washington.",27.6,4.3,10.1,13.3,Moderate Controversy Level,2.0,,Medium,9.233333333333334,20.813333333333336,Enterprise,0
ES,Eversource Energy,"300 Cadwell Drive
Springfield, MA 01104
United States",Utilities,Utilities - Regulated Electric,10000.0,"Eversource Energy, a public utility holding company, engages in the energy delivery business. The company operates through Electric Distribution, Electric Transmission, Natural Gas Distribution, and Water Distribution segments. It is involved in the transmission and distribution of electricity; solar power facilities; and distribution of natural gas. The company operates regulated water utilities that provide water services to approximately 241,000 customers. It serves residential, commercial, industrial, municipal and fire protection, and other customers in Connecticut, Massachusetts, and New Hampshire. The company was formerly known as Northeast Utilities and changed its name to Eversource Energy in April 2015. Eversource Energy was incorporated in 1927 and is headquartered in Springfield, Massachusetts.",18.6,4.7,5.4,8.6,Moderate Controversy Level,2.0,,Low,6.233333333333334,4.3233333333333315,Large,0
EVRG,"Evergy, Inc.","1200 Main Street
Kansas City, MO 64105
United States",Utilities,Utilities - Regulated Electric,4658.0,"Evergy, Inc., together with its subsidiaries, engages in the generation, transmission, distribution, and sale of electricity in the United States. The company generates electricity through coal, landfill gas, uranium, and natural gas and oil sources, as well as solar, wind, other renewable sources. It serves residences, commercial firms, industrials, municipalities, and other electric utilities. The company was incorporated in 2017 and is headquartered in Kansas City, Missouri.",21.05,4.05,6.1,8.9,Unknown,2.0,,Unknown,6.349999999999999,5.927500000000002,Large,0
ETSY,"Etsy, Inc.","117 Adams Street
Brooklyn, NY 11201
United States",Consumer Cyclical,Internet Retail,2420.0,"Etsy, Inc., together with its subsidiaries, operates two-sided online marketplaces that connect buyers and sellers in the United States, the United Kingdom, Germany, Canada, Australia, and France. Its primary marketplace is Etsy.com that connects artisans and entrepreneurs with various consumers. The company also offers Reverb, a musical instrument marketplace; Depop, a fashion resale marketplace; and Elo7, a Brazil-based marketplace for handmade and unique items. In addition, it offers various seller services, including Etsy Payments, a payment processing service; Etsy Ads, an advertising platform; and Shipping Labels, which allows sellers in the United States, Canada, the United Kingdom, Australia, and India to purchase discounted shipping labels. Further, the company provides the Etsy Purchase Protection program that is designed to help buyers; the Etsy Share and Save program for sellers to save on Etsy fees for sales that drive to their Etsy shop from their own channels. Additionally, it offers educational resources comprising blog posts, video tutorials, Etsy Seller Handbook, Etsy.com online forums, and insights; Etsy Teams, a platform to build personal relationships with other Etsy sellers; and a Star Seller program. The company was formerly known as Indieco, Inc changed its name to Etsy, Inc. in June 2006. Etsy, Inc. was founded in 2005 and is headquartered in Brooklyn, New York.",21.05,4.05,6.1,8.9,Unknown,2.0,,Unknown,6.349999999999999,5.927500000000002,Large,0
EPAM,"Epam Systems, Inc.","41 University Drive
Suite 202
Newtown, PA 18940
United States",Technology,Information Technology Services,53150.0,"EPAM Systems, Inc. provides digital platform engineering and software development services worldwide. The company offers engineering services, including requirements analysis and platform selection, customization, cross-platform migration, implementation, and integration; infrastructure management services, such as software development, testing, performance tuning, deployment, maintenance, and support services. It also provides operation solutions comprising integrated engineering practices and smart automation services. In addition, the company offers business, experience, technology, data, and technical advisory consulting services; and digital and service design solutions, which comprise strategy, design, creative, and program management services, as well as physical product development, such as artificial intelligence, robotics, and virtual reality. The company serves the financial services, travel and consumer, software and hi-tech, business information and media, life sciences and healthcare, and other industries EPAM Systems, Inc. was founded in 1993 and is headquartered in Newtown, Pennsylvania.",21.05,4.05,6.1,8.9,Unknown,2.0,,Unknown,6.349999999999999,5.927500000000002,Enterprise,0
ETR,Entergy Corporation,"639 Loyola Avenue
New Orleans, LA 70113
United States",Utilities,Utilities - Regulated Electric,12000.0,"Entergy Corporation, together with its subsidiaries, engages in the production and retail distribution of electricity in the United States. It generates, transmits, distributes, and sells electric power in portions of Arkansas, Louisiana, Mississippi, and Texas, including the City of New Orleans; and distributes natural gas. It also engages in the ownership of interests in non-nuclear power plants that sell electric power to wholesale customers, as well as provides decommissioning services to other nuclear power plant owners. It generates electricity through gas, nuclear, coal, hydro, and solar power sources. The company sells energy to retail power providers, utilities, electric power co-operatives, power trading organizations, and other power generation companies. The company's power plants have approximately 24,000 megawatts of electric generating capacity. It delivers electricity to 3 million utility customers in Arkansas, Louisiana, Mississippi, and Texas. Entergy Corporation was founded in 1913 and is headquartered in New Orleans, Louisiana.",26.7,14.0,5.3,7.3,Moderate Controversy Level,2.0,,Medium,8.866666666666667,20.763333333333335,Enterprise,0
LLY,Eli Lilly & Co.,"Lilly Corporate Center
Indianapolis, IN 46285
United States",Healthcare,Drug Manufacturers - General,43000.0,"Eli Lilly and Company discovers, develops, and markets human pharmaceuticals worldwide. The company offers Basaglar, Humalog, Humalog Mix 75/25, Humalog U-100, Humalog U-200, Humalog Mix 50/50, insulin lispro, insulin lispro protamine, insulin lispro mix 75/25, Humulin, Humulin 70/30, Humulin N, Humulin R, and Humulin U-500 for diabetes; Jardiance, Mounjaro, and Trulicity for type 2 diabetes; and Zepbound for obesity. It also provides oncology products, including Alimta, Cyramza, Erbitux, Jaypirca, Retevmo, Tyvyt, and Verzenio. In addition, the company offers Olumiant for rheumatoid arthritis, atopic dermatitis, severe alopecia areata, and COVID-19; Taltz for plaque psoriasis, psoriatic arthritis, ankylosing spondylitis, and non-radiographic axial spondylarthritis; Omvoh for ulcerative colitis; Cymbalta for depressive disorder, diabetic peripheral neuropathic pain, generalized anxiety disorder, fibromyalgia, and chronic musculoskeletal pain; Ebglyss for severe atopic dermatitis; and Emgality for migraine prevention and episodic cluster headache. Further, it provides Cialis for erectile dysfunction and benign prostatic hyperplasia; and Forteo for osteoporosis. It has collaborations with Incyte Corporation; Boehringer Ingelheim Pharmaceuticals, Inc.; F. Hoffmann-La Roche Ltd and Genentech, Inc.; Biologics, Inc., AbCellera Biologics Inc.; and Chugai Pharmaceutical Co., Ltd. The company was founded in 1876 and is headquartered in Indianapolis, Indiana.",24.3,2.5,9.1,12.6,Moderate Controversy Level,2.0,,Medium,8.066666666666666,26.30333333333333,Enterprise,0
ELV,"Elevance Health, Inc.","220 Virginia Avenue
Indianapolis, IN 46204
United States",Healthcare,Healthcare Plans,104900.0,"Elevance Health, Inc., together with its subsidiaries, operates as a health benefits company in the United States. The company operates through four segments: Health Benefits, CarelonRx, Carelon Services, and Corporate & Other. It offers a variety of health plans and services to program members; health products; an array of fee-based administrative managed care services; and specialty and other insurance products and services, such as stop loss, dental, vision, life, disability, and supplemental health insurance benefits. The company operates in the pharmacy services business; and markets and offers pharmacy services, including pharmacy benefit management, as well as home delivery and specialty pharmacies, claims adjudication, formulary management, pharmacy networks, rebate administration, a prescription drug database, and member services. In addition, it provides healthcare-related services and capabilities, including utilization management, behavioral health, integrated care delivery, palliative care, payment integrity services, subrogation services, and health and wellness programs, as well as services related to data management, information technology, and business operations. Further, the company is involved in the National Government Services business. The company provides its services under the Anthem Blue Cross and Blue Shield, Wellpoint, and Carelon brand names. The company was formerly known as Anthem, Inc. and changed its name to Elevance Health, Inc. in June 2022. Elevance Health, Inc. was incorporated in 2001 and is headquartered in Indianapolis, Indiana.",11.4,0.1,5.3,6.0,Moderate Controversy Level,2.0,,Low,3.7999999999999994,10.389999999999999,Enterprise,0
EA,Electronic Arts Inc,"209 Redwood Shores Parkway
Redwood City, CA 94065
United States",Communication Services,Electronic Gaming & Multimedia,13700.0,"Electronic Arts Inc. develops, markets, publishes, and delivers games, content, and services for game consoles, PCs, mobile phones, and tablets worldwide. It develops and publishes games and services across various genres, such as sports, racing, first-person shooter, action, role-playing, and simulation through owned and licensed brands, such as EA SPORTS FC, Battlefield, Apex Legends, The Sims, Madden NFL, Need for Speed, Titanfall, and F1 brands. The company licenses its games to third parties to distribute and host its games and content. It markets and sells its games and services through digital distribution and retail channels, as well as directly to mass market retailers, specialty stores, and distribution arrangements. Electronic Arts Inc. was incorporated in 1982 and is headquartered in Redwood City, California.",13.3,0.1,4.7,8.4,Moderate Controversy Level,2.0,,Low,4.3999999999999995,17.290000000000006,Enterprise,0
ECL,"Ecolab, Inc.","1 Ecolab Place
Saint Paul, MN 55102-2233
United States",Basic Materials,Specialty Chemicals,48000.0,"Ecolab Inc. provides water, hygiene, and infection prevention solutions and services in the United States and internationally. The company operates through three segments: Global Industrial; Global Institutional & Specialty; and Global Healthcare & Life Sciences. The Global Industrial segment offers water treatment and process applications, and cleaning and sanitizing solutions to manufacturing, food and beverage processing, transportation, chemical, metals and mining, power generation, pulp and paper, commercial laundry, petroleum, refining, and petrochemical industries. Its Global Institutional & Specialty segment provides specialized cleaning and sanitizing products to the foodservice, hospitality, lodging, government and education, and retail industries. The Global Healthcare & Life Sciences segment offers specialized cleaning and sanitizing products to the healthcare, personal care, and pharmaceutical industries, such as infection prevention and surgical solutions, and end-to-end cleaning and contamination control solutions under the Ecolab, Microtek, and Anios brand names. In addition, the company provides pest elimination services to detect, eliminate, and prevent pests, such as rodents and insects in restaurants, food and beverage processors, hotels, grocery operations, and other commercial segments including education, life sciences, and healthcare customers. Further, it offers colloidal silica for binding and polishing applications in semiconductor, catalyst, and aerospace component manufacturing, as well as chemical industries; and products and services that manage wash process through custom designed programs, premium products, dispensing equipment, water and energy management, and reduction, as well as real time data management. It sells its products through field sales and corporate account personnel, distributors, and dealers. Ecolab Inc. was founded in 1923 and is headquartered in Saint Paul, Minnesota.",19.9,8.5,5.3,6.1,Moderate Controversy Level,2.0,,Low,6.633333333333333,2.773333333333334,Enterprise,0
EBAY,Ebay Inc,"2025 Hamilton Avenue
San Jose, CA 95125
United States",Consumer Cyclical,Internet Retail,12300.0,"eBay Inc., together with its subsidiaries, operates marketplace platforms that connect buyers and sellers in the United States, the United Kingdom, China, Germany, and internationally. The company's marketplace platform includes its online marketplace at ebay.com, off-platform businesses, and the eBay suite of mobile apps. Its platforms enable users to list, sell, and buy various products. The company was founded in 1995 and is headquartered in San Jose, California.",17.6,2.7,7.2,7.7,Moderate Controversy Level,2.0,,Low,5.866666666666667,7.583333333333333,Enterprise,0
DUK,Duke Energy Corporation,"525 South Tryon Street
Charlotte, NC 28202
United States",Utilities,Utilities - Regulated Electric,27037.0,"Duke Energy Corporation, together with its subsidiaries, operates as an energy company in the United States. It operates through two segments: Electric Utilities and Infrastructure (EU&I), and Gas Utilities and Infrastructure (GU&I). The EU&I segment generates, transmits, distributes, and sells electricity in the Carolinas, Florida, and the Midwest. It generates electricity through coal, hydroelectric, natural gas, oil, solar and wind sources, renewables, and nuclear fuel. This segment also engages in the wholesale of electricity to municipalities, electric cooperative utilities, and load-serving entities. The GU&I segment distributes natural gas to residential, commercial, industrial, and power generation natural gas customers; and invests in pipeline transmission projects, renewable natural gas projects, and natural gas storage facilities. The company was formerly known as Duke Energy Holding Corp. and changed its name to Duke Energy Corporation in April 2006. Duke Energy Corporation was founded in 1904 and is headquartered in Charlotte, North Carolina.",27.0,11.5,4.8,10.7,Moderate Controversy Level,2.0,,Medium,9.0,13.389999999999999,Enterprise,0
DTE,Dte Energy Company,"One Energy Plaza
Detroit, MI 48226-1279
United States",Utilities,Utilities - Regulated Electric,9608.0,"DTE Energy Company engages in the utility operations. The company's Electric segment generates, purchases, distributes, and sells electricity to various residential, commercial, and industrial customers in southeastern Michigan. It generates electricity through coal-fired plants, hydroelectric pumped storage, and nuclear plants, as well as wind and solar assets. This segment owns and operates distribution substations and line transformers. The company's Gas segment purchases, stores, transports, distributes, and sells natural gas to various residential, commercial, and industrial customers throughout Michigan; and sells storage and transportation capacity. Its DTE Vantage segment offers metallurgical and petroleum coke to steel and other industries; and power generation, steam production, chilled water production, and wastewater treatment services, as well as air supplies compressed air to industrial customers. Its Energy Trading segment engages in power, natural gas, and environmental marketing and trading; structured transactions; and the optimization of contracted natural gas pipeline transportation and storage positions. The company was founded in 1849 and is based in Detroit, Michigan.",29.8,15.0,4.7,10.0,Moderate Controversy Level,2.0,,Medium,9.9,26.53,Large,0
DOW,Dow Inc.,"2211 H.H. Dow Way
Midland, MI 48674
United States",Basic Materials,Chemicals,35900.0,"Dow Inc., through its subsidiaries, engages in the provision of various materials science solutions for packaging, infrastructure, mobility, and consumer applications in the United States, Canada, Europe, the Middle East, Africa, India, the Asia Pacific, and Latin America. The company operates through Packaging & Specialty Plastics, Industrial Intermediates & Infrastructure, and Performance Materials & Coatings segments. The Packaging & Specialty Plastics segment provides ethylene, and propylene and aromatics products; and polyethylene, polyolefin elastomers, ethylene vinyl acetate, and ethylene propylene diene monomer rubbers for mobility and transportation, consumer, wire and cable, and construction end-markets. The Industrial Intermediates & Infrastructure segment offers purified ethylene, ethylene and ethanol amines, propylene glycol and polyether polyols, aromatic isocyanates and coatings, adhesives, sealants, elastomers, and composites. This segment also provides caustic soda, and ethylene dichloride and vinyl chloride monomers; and cellulose ethers, redispersible latex powders, and acrylic emulsions. The Performance Materials and Coatings segment provides architectural paints and coatings, and industrial coatings that are used in maintenance and protective industries, wood, metal packaging, traffic markings, thermal paper, and leather; and silicon metal, siloxanes, and intermediates used as key materials in manufacturing differentiated downstream silicone products. It also engages in property and casualty insurance, as well as reinsurance business. Dow Inc. was incorporated in 2018 and is headquartered in Midland, Michigan.",21.05,4.05,6.1,8.9,Unknown,2.0,,Unknown,6.349999999999999,5.927500000000002,Enterprise,0
D,"Dominion Energy, Inc","120 Tredegar Street
Richmond, VA 23219
United States",Utilities,Utilities - Regulated Electric,17700.0,"Dominion Energy, Inc. produces and distributes energy in the United States. It operates through three operating segments: Dominion Energy Virginia, Dominion Energy South Carolina, and Contracted Energy. The Dominion Energy Virginia segment generates, transmits, and distributes regulated electricity to approximately 2.8 million residential, commercial, industrial, and governmental customers in Virginia and North Carolina. The Dominion Energy South Carolina segment generates, transmits, and distributes electricity to approximately 0.8 million customers in the central, southern, and southwestern portions of South Carolina; and distributes natural gas to approximately 0.4 million residential, commercial, and industrial customers in South Carolina. The Contracted Energy segment is involved in the nonregulated long-term contracted renewable electric generation and renewable natural gas facility. As of December 31, 2023, the company's portfolio of assets included approximately 29.5 gigawatt of electric generating capacity; 10,600 miles of electric transmission lines; 79,300 miles of electric distribution lines; and 94,800 miles of gas distribution mains and related service facilities. The company was formerly known as Dominion Resources, Inc. Dominion Energy, Inc. was incorporated in 1983 and is headquartered in Richmond, Virginia.",26.4,11.9,5.6,8.8,Moderate Controversy Level,2.0,,Medium,8.766666666666667,9.923333333333336,Enterprise,0
DLTR,Dollar Tree Inc.,"500 Volvo Parkway
Chesapeake, VA 23320
United States",Consumer Defensive,Discount Stores,65894.0,"Dollar Tree, Inc. operates retail discount stores. The company operates in two segments, Dollar Tree and Family Dollar. The Dollar Tree segment offers merchandise at the fixed price of $ 1.25. It provides consumable merchandise, which includes everyday consumables, such as household paper and chemicals, food, candy, health, personal care products, and frozen and refrigerated food; variety merchandise comprising toys, durable housewares, gifts, stationery, party goods, greeting cards, softlines, arts and crafts supplies, and other items; and seasonal goods that include Christmas, Easter, Halloween, and Valentine's Day merchandise. It operates stores under the Dollar Tree and Dollar Tree Canada brands, as well as distribution centers in the United States and Canada. The Family Dollar segment operates general merchandise retail discount stores that offer consumable merchandise, which comprise food and beverages, tobacco, health and personal care, household chemicals, paper products, hardware and automotive supplies, diapers, batteries, and pet food and supplies; and home products, including housewares, home décor, and giftware, as well as domestics, such as comforters, sheets, and towels. It also provides apparel and accessories merchandise comprising clothing, fashion accessories, and shoes; and seasonal and electronics merchandise that include Christmas, Easter, Halloween, and Valentine's Day merchandise, as well as personal electronics, which comprise pre-paid cellular phones and services, stationery and school supplies, and toys. Dollar Tree, Inc. was founded in 1986 and is based in Chesapeake, Virginia.",20.1,3.3,4.0,12.8,Moderate Controversy Level,2.0,,Medium,6.7,28.030000000000005,Enterprise,0
DG,Dollar General Corp.,"100 Mission Ridge
Goodlettsville, TN 37072
United States",Consumer Defensive,Discount Stores,185800.0,"Dollar General Corporation, a discount retailer, provides various merchandise products in the southern, southwestern, midwestern, and eastern United States. It offers consumable products, including paper and cleaning products, such as paper towels, bath tissues, paper dinnerware, trash and storage bags, disinfectants, and laundry products; packaged food comprising cereals, pasta, canned soups, fruits and vegetables, condiments, spices, sugar, and flour; and perishables that include milk, eggs, bread, refrigerated and frozen food, beer, and wine. The company's consumable products also comprise snacks, such as candies, cookies, crackers, salty snacks, and carbonated beverages; health and beauty products, including over-the-counter medicines and personal care products, such as soaps, body washes, shampoos, cosmetics, and dental hygiene and foot care products; pet supplies and pet food; and tobacco products. In addition, it offers seasonal products comprising holiday items, toys, batteries, small electronics, greeting cards, stationery, prepaid phones and accessories, gardening supplies, hardware, and automotive and home office supplies; and home products that include kitchen supplies, cookware, small appliances, light bulbs, storage containers, frames, candles, craft supplies and kitchen, and bed and bath soft goods. Further, the company provides apparel, which comprise basic items for infants, toddlers, girls, boys, women, and men, as well as socks, underwear, disposable diapers, shoes, and accessories. The company was formerly known as J.L. Turner & Son, Inc. and changed its name to Dollar General Corporation in 1968. Dollar General Corporation was founded in 1939 and is based in Goodlettsville, Tennessee.",17.6,3.5,5.5,8.6,Moderate Controversy Level,2.0,,Low,5.866666666666667,6.603333333333332,Enterprise,0
DFS,Discover Financial Services,"2500 Lake Cook Road
Riverwoods, IL 60015
United States",Financial Services,Credit Services,21100.0,"Discover Financial Services, through its subsidiaries, provides digital banking products and services, and payment services in the United States. It operates in two segments, Digital Banking and Payment Services. The Digital Banking segment offers Discover-branded credit cards to individuals; private student loans, personal loans, home loans, and other consumer lending; and direct-to-consumer deposit products comprising savings accounts, certificates of deposit, money market accounts, IRA certificates of deposit, IRA savings accounts and checking accounts, and sweep accounts. The Payment Services segment operates the PULSE to access automated teller machines, debit, and electronic funds transfer network; and Diners Club International, a payments network that issues Diners Club branded charge cards and/or provides card acceptance services, as well as offers payment transaction processing and settlement services. The company was incorporated in 1960 and is based in Riverwoods, Illinois.",22.5,0.1,10.5,11.9,Moderate Controversy Level,2.0,,Medium,7.5,41.56,Enterprise,0
DLR,"Digital Realty Trust, Inc.","5707 Southwest Parkway, Building 1
Suite 275
Austin, TX 78735-6213
United States",Real Estate,Reit - Specialty,3664.0,"Digital Realty brings companies and data together by delivering the full spectrum of data center, colocation, and interconnection solutions. PlatformDIGITAL, the company's global data center platform, provides customers with a secure data meeting place and a proven Pervasive Datacenter Architecture (PDx) solution methodology for powering innovation and efficiently managing Data Gravity challenges. Digital Realty gives its customers access to the connected data communities that matter to them with a global data center footprint of 300+ facilities in 50+ metros across 25+ countries on six continents.",12.6,2.8,7.0,2.8,None Controversy Level,2.0,,Low,4.2,5.880000000000001,Large,0
FANG,"Diamondback Energy, Inc.","500 West Texas Avenue
Suite 100
Midland, TX 79701
United States",Energy,Oil & Gas E&P,1023.0,"Diamondback Energy, Inc., an independent oil and natural gas company, acquires, develops, explores, and exploits unconventional, onshore oil and natural gas reserves in the Permian Basin in West Texas. It focuses on the development of the Spraberry and Wolfcamp formations of the Midland basin; and the Wolfcamp and Bone Spring formations of the Delaware basin, which are part of the Permian Basin in West Texas and New Mexico. The company also owns and operates midstream infrastructure assets, in the Midland and Delaware Basins of the Permian Basin. Diamondback Energy, Inc. was founded in 2007 and is headquartered in Midland, Texas.",21.05,4.05,6.1,8.9,Unknown,2.0,,Unknown,6.349999999999999,5.927500000000002,Large,0
DVN,Devon Energy Corporation,"333 West Sheridan Avenue
Oklahoma City, OK 73102-5015
United States",Energy,Oil & Gas E&P,1900.0,"Devon Energy Corporation, an independent energy company, engages in the exploration, development, and production of oil, natural gas, and natural gas liquids in the United States. It operates in Delaware, Eagle Ford, Anadarko, Williston, and Powder River Basins. The company was founded in 1971 and is headquartered in Oklahoma City, Oklahoma.",33.8,17.7,7.5,8.6,Moderate Controversy Level,2.0,,High,11.266666666666666,31.343333333333327,Large,0
DAL,"Delta Air Lines, Inc.","PO Box 20706
Atlanta, GA 30320-6001
United States",Industrials,Airlines,103000.0,"Delta Air Lines, Inc. provides scheduled air transportation for passengers and cargo in the United States and internationally. The company operates through two segments, Airline and Refinery. Its domestic network centered on core hubs in Atlanta, Minneapolis-St. Paul, Detroit, and Salt Lake City, as well as coastal hub positions in Boston, Los Angeles, New York-LaGuardia, New York-JFK, and Seattle; and international network centered on hubs and market presence in Amsterdam, Bogota, Lima, Mexico City, London-Heathrow, Paris-Charles de Gaulle, Sao Paulo, Seoul-Incheon, and Tokyo. The company sells its tickets through various distribution channels, including delta.com and the Fly Delta app; acts as a reservations specialists; and operates online travel and traditional brick and mortar agencies. It also provides aircraft maintenance and engineering support, repair, and overhaul services; and vacation packages to third-party consumers. The company operates through a fleet of approximately 1,273 aircrafts. Delta Air Lines, Inc. was founded in 1924 and is based in Atlanta, Georgia.",30.3,9.9,5.8,14.6,Moderate Controversy Level,2.0,,High,10.1,19.39,Enterprise,0
DE,Deere & Company,"One John Deere Place
Moline, IL 61265
United States",Industrials,Farm & Heavy Construction Machinery,83000.0,"Deere & Company engages in the manufacture and distribution of various equipment worldwide. The company operates through four segments: Production and Precision Agriculture, Small Agriculture and Turf, Construction and Forestry, and Financial Services. The Production and Precision Agriculture segment provides large and medium tractors, combines, cotton pickers and strippers, sugarcane harvesters and loaders, harvesting front-end equipment, pull-behind scrapers, and tillage and seeding equipment, as well as application equipment, including sprayers and nutrient management, and soil preparation machinery for grain growers. The Small Agriculture and Turf segment offers utility tractors, and related loaders and attachments; turf and utility equipment, including riding lawn equipment, commercial mowing equipment, golf course equipment, and utility vehicles, as well as implements for mowing, tilling, snow and debris handling, aerating, residential, commercial, golf, and sports turf care applications; other outdoor power products; and hay and forage equipment. This segment also resells products from other manufacturers. It serves dairy and livestock producers, crop producers, and turf and utility customers. The Construction and Forestry segment provides a range of backhoe loaders, crawler dozers and loaders, four-wheel-drive loaders, excavators, motor graders, articulated dump trucks, landscape and skid-steer loaders, milling machines, pavers, compactors, rollers, crushers, screens, asphalt plants, log skidders, log feller bunchers, log loaders and forwarders, log harvesters, and attachments; and roadbuilding equipment. The Financial Services segment finances sales and leases agriculture and turf, and construction and forestry equipment. It also offers wholesale financing to dealers of the foregoing equipment; and extended equipment warranties, as well as finances retail revolving charge accounts. The company was founded in 1837 and is headquartered in Moline, Illinois.",20.0,2.7,6.5,10.8,Moderate Controversy Level,2.0,,Low,6.666666666666667,16.423333333333336,Enterprise,0
DECK,Deckers Outdoor Corp,"250 Coromar Drive
Goleta, CA 93117
United States",Consumer Cyclical,Footwear & Accessories,4800.0,"Deckers Outdoor Corporation, together with its subsidiaries, designs, markets, and distributes footwear, apparel, and accessories for casual lifestyle use and high-performance activities in the United States and internationally. The company offers premium footwear, apparel, and accessories under the UGG brand name; footwear, apparel, and accessories for ultra-runners and athletes under the HOKA brand name; and sandals, shoes, and boots under the Teva brand name. It also provides relaxed casual shoes and sandals under the Sanuk brand name; casual footwear fashion line under the Koolaburra brand name; and footwear under the AHNU brand name. The company sells its products through domestic and international retailers; international distributors; and directly to its consumers through its direct-to-consumer business, which includes e-commerce websites and retail stores. Deckers Outdoor Corporation was founded in 1973 and is headquartered in Goleta, California.",21.05,4.05,6.1,8.9,Unknown,2.0,,Unknown,6.349999999999999,5.927500000000002,Large,0
DHR,Danaher Corporation,"2200 Pennsylvania Avenue, North West
Suite 800 West
Washington, DC 20037-1701
United States",Healthcare,Diagnostics & Research,61000.0,"Danaher Corporation designs, manufactures, and markets professional, medical, industrial, and commercial products and services worldwide. The Biotechnology segments offers bioprocess technologies, consumables, and services that advance, accelerate, and integrate the development and manufacture of therapeutics; cell line and cell culture media development services; cell culture media, process liquids and buffers for manufacturing, chromatography resins, filtration technologies, aseptic fill finish; single-use hardware and consumables and services, such as the design and installation of full manufacturing suites; lab filtration, separation, and purification; lab-scale protein purification and analytical tools; reagents, membranes, and services; and healthcare filtration solutions. The Life Sciences segment provides mass spectrometers; flow cytometry, genomics, lab automation, centrifugation, liquid handling automation instruments, antibodies and reagents, and particle counting and characterization; microscopes; protein consumables; industrial filtration products; and genomic medicines, such as custom nucleic acid products, plasmid DNA, RNA, and proteins under the ABCAM, ALDEVRON, BECKMAN COULTER, IDT, LEICA MICROSYSTEMS, MOLECULAR DEVICES, PALL, PHENOMENEX and SCIEX brands. The Diagnostics segment offers chemistry, immunoassay, microbiology, and automation systems; and molecular, acute care, and pathology diagnostics products. This segment also provides clinical instruments, reagents, consumables, software, and services for hospitals, physicians' offices, reference laboratories, and other critical care settings. The company was formerly known as Diversified Mortgage Investors, Inc. and changed its name to Danaher Corporation in 1984. Danaher Corporation was founded in 1969 and is based in Washington, the District of Columbia.",11.9,1.4,5.3,5.2,Moderate Controversy Level,2.0,,Low,3.9666666666666663,4.943333333333333,Enterprise,0
DHI,D.R. Horton Inc.,"1341 Horton Circle
Arlington, TX 76011
United States",Consumer Cyclical,Residential Construction,13450.0,"D.R. Horton, Inc. operates as a homebuilding company in East, North, Southeast, South Central, Southwest, and Northwest regions in the United States. It engages in the acquisition and development of land; and construction and sale of residential homes in 118 markets across 33 states under the names of D.R. Horton, America's Builder, Express Homes, Emerald Homes, and Freedom Homes. The company constructs and sells single-family detached homes; and attached homes, such as townhomes, duplexes, and triplexes. It also provides mortgage financing services; and title insurance policies, and examination and closing services, as well as engages in the residential lot development business. In addition, the company develops, constructs, owns, leases, and sells multi-family and single-family rental properties; and owns non-residential real estate, including ranch land and improvements. It primarily serves homebuyers. D.R. Horton, Inc. was founded in 1978 and is headquartered in Arlington, Texas.",21.0,8.7,5.7,6.7,Moderate Controversy Level,2.0,,Medium,7.033333333333332,2.3333333333333317,Enterprise,0
CMI,Cummins Inc.,"500 Jackson Street
Box 3005
Columbus, IN 47202-3005
United States",Industrials,Specialty Industrial Machinery,75500.0,"Cummins Inc. designs, manufactures, distributes, and services diesel and natural gas engines, electric and hybrid powertrains, and related components worldwide. It operates through five segments: Engine, Distribution, Components, Power Systems, and Accelera. The company offers diesel and natural gas-powered engines under the Cummins and other customer brands for the heavy and medium-duty truck, bus, recreational vehicle, light-duty automotive, construction, mining, marine, rail, oil and gas, defense, and agricultural markets; and offers parts and services, as well as remanufactured parts and engines. It provides power generation systems, horsepower engines, heavy and medium duty engines, application engineering services, custom-designed assemblies, retail and wholesale aftermarket parts, and in-shop and field-based repair services. In addition, the company offers emission solutions; turbochargers; air and fuel filters, fuel water separators, lube and hydraulic filters, coolants, fuel additives, and other filtration systems; and electronic control modules, sensors, and supporting software, as well as new, replacement, and remanufactured fuel systems. Further, it provides automated transmissions; standby and prime power generators, controls, paralleling systems, and transfer switches, as well as A/C generator/alternator products under the Stamford and AVK brands; and electrified power systems with components and subsystems, including battery, fuel cell, and hydrogen production technologies. Additionally, it offers filtration, aftertreatment, controls systems, air handling systems, and electric power generation systems, and batteries. It sells its products to original equipment manufacturers, distributors, dealers, and other customers. The company was formerly known as Cummins Engine Company and changed its name to Cummins Inc. in 2001. Cummins Inc. was founded in 1919 and is headquartered in Columbus, Indiana.",19.3,5.6,5.9,7.7,Moderate Controversy Level,2.0,,Low,6.400000000000001,1.2900000000000005,Enterprise,0
CSX,Csx Corporation,"500 Water Street
15th Floor
Jacksonville, FL 32202
United States",Industrials,Railroads,23400.0,"CSX Corporation, together with its subsidiaries, provides rail-based freight transportation services. The company offers rail services; and transportation of intermodal containers and trailers, as well as other transportation services, such as rail-to-truck transfers and bulk commodity operations. It also transports chemicals, agricultural and food products, minerals, automotive, forest products, fertilizers, and metals and equipment; and coal, coke, and iron ore to electricity-generating power plants, steel manufacturers, and industrial plants, as well as exports coal to deep-water port facilities. In addition, the company provides intermodal services through a network of approximately 30 terminals transporting manufactured consumer goods in containers; and drayage services, including the pickup and delivery of intermodal shipments. It serves the automotive industry with distribution centers and storage locations, as well as connects non-rail served customers through transferring products, such as plastics and ethanol from rail to trucks. The company operates approximately 20,000 route mile rail network, which serves various population centers in 26 states east of the Mississippi River, the District of Columbia, and the Canadian provinces of Ontario and Quebec, as well as owns and leases approximately 3,500 locomotives. It serves production and distribution facilities through track connections. CSX Corporation was incorporated in 1978 and is headquartered in Jacksonville, Florida.",21.9,7.0,4.8,10.0,Moderate Controversy Level,2.0,,Medium,7.266666666666667,6.8133333333333335,Enterprise,0
CCI,Crown Castle Inc.,"8020 Katy Freeway
Houston, TX 77024-1908
United States",Real Estate,Reit - Specialty,4700.0,"Crown Castle owns, operates and leases more than 40,000 cell towers and approximately 90,000 route miles of fiber supporting small cells and fiber solutions across every major U.S. market. This nationwide portfolio of communications infrastructure connects cities and communities to essential data, technology and wireless service - bringing information, ideas and innovations to the people and businesses that need them.",10.1,4.1,4.3,1.7,None Controversy Level,2.0,,Low,3.3666666666666667,2.093333333333333,Large,0
CTRA,Coterra Energy Inc.,"Three Memorial City Plaza
Suite 1400 840 Gessner Road
Houston, TX 77024
United States",Energy,Oil & Gas E&P,894.0,"Coterra Energy Inc., an independent oil and gas company, engages in the development, exploration, and production of oil, natural gas, and natural gas liquids in the United States. The company's properties include the Marcellus Shale with approximately 186,000 net acres in the dry gas window of the play located in Susquehanna County, Pennsylvania; Permian Basin properties with approximately 296,000 net acres located in west Texas and southeast New Mexico; and Anadarko Basin properties with approximately 182,000 net acres located in Oklahoma. It also operates natural gas and saltwater gathering and disposal systems in Texas. The company sells its natural gas to industrial customers, local distribution companies, oil and gas marketers, major energy companies, pipeline companies, and power generation facilities. Coterra Energy Inc. was incorporated in 1989 and is headquartered in Houston, Texas.",36.1,20.3,7.5,8.3,Moderate Controversy Level,2.0,,High,12.033333333333333,51.413333333333334,Medium,0
CTVA,"Corteva, Inc.","9330 Zionsville Road
Indianapolis, IN 46268
United States",Basic Materials,Agricultural Inputs,22500.0,"Corteva, Inc. operates in the agriculture business. It operates through two segments, Seed and Crop Protection. The Seed segment develops and supplies advanced germplasm and traits that produce optimum yield for farms. It offers trait technologies that enhance resistance to weather, disease, insects, and herbicides used to control weeds, as well as food and nutritional characteristics. This segment also provides digital solutions that assist farmer decision-making with a view to optimize product selection, and maximize yield and profitability. The Crop Protection segment offers products that protect against weeds, insects and other pests, and diseases, as well as enhances crop health above and below ground through nitrogen management and seed-applied technologies. This segment provides herbicides, insecticides, nitrogen stabilizers, and pasture and range management herbicides. It serves agricultural input industry. The company operates in the United States, Canada, Latin America, the Asia Pacific, Europe, the Middle East, and Africa. Corteva, Inc. was incorporated in 2018 and is headquartered in Indianapolis, Indiana.",21.05,4.05,6.1,8.9,Unknown,2.0,,Unknown,6.349999999999999,5.927500000000002,Enterprise,0
CPAY,"Corpay, Inc.","3280 Peachtree Road
Suite 2400
Atlanta, GA 30305
United States",Technology,Software - Infrastructure,10500.0,"Corpay, Inc. operates as a payments company that helps businesses and consumers manage vehicle-related expenses, lodging expenses, and corporate payments in the United States, Brazil, the United Kingdom, and internationally. The company offers vehicle payment solutions, which include fuel, tolls, parking, fleet maintenance, and long-haul transportation services, as well as prepaid food and transportation vouchers and cards. It also provides corporate payment solutions consisting of accounts payable automation; virtual cards, cross-border solutions; and purchasing and travel and entertainment card products, as well as lodging payments solutions for employees who travel overnight for work purposes; traveling crews and stranded passengers from airlines and cruise lines; and insurance policyholders displaced from their homes due to damage or catastrophe. In addition, the company offers gifts and payroll cards. It serves business, merchant, consumer, and payment network customers. The company was formerly known as FLEETCOR Technologies, Inc. and changed its name to Corpay, Inc. in March 2024. Corpay, Inc. was founded in 1986 and is headquartered in Atlanta, Georgia.",21.05,4.05,6.1,8.9,Unknown,2.0,,Unknown,6.349999999999999,5.927500000000002,Enterprise,0
GLW,Corning Incorporated,"One Riverfront Plaza
Corning, NY 14831
United States",Technology,Electronic Components,49800.0,"Corning Incorporated engages in the display technologies, optical communications, environmental technologies, specialty materials, and life sciences businesses in the United States and internationally. The company's Display Technologies segment offers glass substrates for flat panel displays, including liquid crystal displays and organic light-emitting diodes that are used in televisions, notebook computers, desktop monitors, tablets, and handheld devices. Its Optical Communications segment provides optical fibers and cables; and hardware and equipment products, such as cable assemblies, fiber optic hardware and connectors, optical components and couplers, closures, network interface devices, and other accessories for the telecommunications industry, businesses, governments, and individuals. The company's Specialty Materials segment manufactures products that offer material formulations for glass, glass ceramics, crystals, precision metrology instruments, and software, as well as glass wafers and substrates, tinted sunglasses, and radiation shielding products for various markets comprising mobile consumer electronics, semiconductor equipment optics and consumables, aerospace and defense optics, radiation shielding products, sunglasses, and telecommunications components. Its Environmental Technologies segment provides ceramic substrates and filter products for emissions control in mobile, gasoline, and diesel applications. The company's Life Sciences segment offers laboratory products, including consumables, such as plastic vessels, liquid handling plastics, specialty surfaces, cell culture media, and serum, as well as general labware, and glassware and equipment under the Corning, Pyrex, Falcon, and Axygen brands. The company was formerly known as Corning Glass Works and changed its name to Corning Incorporated in April 1989. Corning Incorporated was founded in 1851 and is headquartered in Corning, New York.",16.5,5.5,6.1,4.8,Moderate Controversy Level,2.0,,Low,5.466666666666666,0.42333333333333323,Enterprise,0
CEG,Constellation Energy Corporation,"1310 Point Street
Baltimore, MD 21231-3380
United States",Utilities,Utilities - Renewable,13871.0,"Constellation Energy Corporation generates and sells electricity in the United States. It operates through five segments: Mid-Atlantic, Midwest, New York, ERCOT, and Other Power Regions. The company sells natural gas, energy-related products, and sustainable solutions. It has approximately 33,094 megawatts of generating capacity consisting of nuclear, wind, solar, natural gas, and hydroelectric assets. It serves distribution utilities; municipalities; cooperatives; and commercial, industrial, governmental, and residential customers. The company was incorporated in 2021 and is headquartered in Baltimore, Maryland.",21.05,4.05,6.1,8.9,Unknown,2.0,,Unknown,6.349999999999999,5.927500000000002,Enterprise,0
STZ,"Constellation Brands, Inc.","Building 100
207 High Point Drive
Victor, NY 14564
United States",Consumer Defensive,Beverages - Wineries & Distilleries,10600.0,"Constellation Brands, Inc., together with its subsidiaries, produces, imports, markets, and sells beer, wine, and spirits in the United States, Canada, Mexico, New Zealand, and Italy. The company provides beer primarily under the Corona Extra, Corona Familiar, Corona Hard Seltzer, Corona Light, Corona Non-Alcoholic, Corona Premier, Corona Refresca, Modelo Especial, Modelo Chelada, Modelo Negra, Modelo Oro, Victoria, Vicky Chamoy, and Pacifico brands. It also offers wine under the Cook's California Champagne, Kim Crawford, Meiomi, Mount Veeder, Ruffino, SIMI, My Favorite Neighbor, Robert Mondavi Winery, Schrader, and The Prisoner Wine Company brands; and spirits under the Casa Noble, Copper & Kings, High West, Mi CAMPO, Nelson's Green Brier, and SVEDKA brands. The company provides its products to wholesale distributors, retailers, on-premise locations, and state alcohol beverage control agencies. Constellation Brands, Inc. was founded in 1945 and is headquartered in Victor, New York.",24.7,9.4,5.2,10.0,Moderate Controversy Level,2.0,,Medium,8.2,6.84,Enterprise,0
COP,Conocophillips,"925 North Eldridge Parkway
Houston, TX 77079-2703
United States",Energy,Oil & Gas E&P,10000.0,"ConocoPhillips explores for, produces, transports, and markets crude oil, bitumen, natural gas, liquefied natural gas (LNG), and natural gas liquids in the United States, Canada, China, Libya, Malaysia, Norway, the United Kingdom, and internationally. The company's portfolio includes unconventional plays in North America; conventional assets in North America, Europe, Asia, and Australia; global LNG developments; oil sands assets in Canada; and an inventory of global exploration prospects. ConocoPhillips was founded in 1917 and is headquartered in Houston, Texas.",33.9,17.6,8.3,8.1,Moderate Controversy Level,2.0,,High,11.333333333333334,29.46333333333334,Large,0
CAG,"Conagra Brands, Inc.","222 West Merchandise Mart Plaza
Suite 1300
Chicago, IL 60654
United States",Consumer Defensive,Packaged Foods,18600.0,"Conagra Brands, Inc., together with its subsidiaries, operates as a consumer packaged goods food company primarily in the United States. The company operates through Grocery & Snacks, Refrigerated & Frozen, International, and Foodservice segments. The Grocery & Snacks segment primarily offers shelf stable food products through various retail channels. The Refrigerated & Frozen segment provides temperature-controlled food products through various retail channels. The International segment offers food products in various temperature states through retail and foodservice channels outside of the United States. The Foodservice segment offers branded and customized food products, including meals, entrees, sauces, and various custom-manufactured culinary products packaged for restaurants and other foodservice establishments. The company sells its products under the Birds Eye, Marie Callender's, Duncan Hines, Healthy Choice, Slim Jim, Reddi-wip, Angie's, BOOMCHICKAPOP, Duke's, Earth Balance, Gardein, and Frontera brands. The company was incorporated in 1919 and is headquartered in Chicago, Illinois.",30.8,10.7,4.7,15.4,Moderate Controversy Level,2.0,,High,10.266666666666667,28.763333333333335,Enterprise,0
CMA,Comerica Incorporated,"Comerica Bank Tower
1717 Main Street
Dallas, TX 75201-6404
United States",Financial Services,Banks - Regional,7619.0,"Comerica Incorporated, through its subsidiaries, provides various financial products and services. The company operates through Commercial Bank, Retail Bank, Wealth Management, and Finance segments. The Commercial Bank segment offers various products and services, including commercial loans and lines of credit, deposits, cash management, payment solutions, card services, capital market products, international trade finance, letters of credit, foreign exchange management services, and loan syndication services for small and middle market businesses, multinational corporations, and governmental entities. The Retail Bank segment provides personal financial services, such as consumer lending, consumer deposit gathering, and mortgage loan origination; and various consumer products that include deposit accounts, installment loans, credit cards, student loans, home equity lines of credit, and residential mortgage loans. The Wealth Management segment offers products and services comprising financial planning, trust and fiduciary services, investment management and advisory, brokerage, private banking, and business transition planning services for affluents, high-net worth and ultra-high-net-worth individuals and families, business owners, and executives, and institutional clients. The Finance segment comprises securities portfolio, and asset and liability management activities. It operates in Texas, California, Michigan, Arizona, and Florida, the United States; and Canada and Mexico. The company was formerly known as DETROITBANK Corporation and changed its name to Comerica Incorporated in July 1982. Comerica Incorporated was founded in 1849 and is headquartered in Dallas, Texas.",25.2,2.5,11.7,11.0,Moderate Controversy Level,2.0,,Medium,8.4,26.229999999999997,Large,0
CMCSA,Comcast Corp,"One Comcast Center
1701 JFK Boulevard
Philadelphia, PA 19103-2838
United States",Communication Services,Telecom Services,186000.0,"Comcast Corporation operates as a media and technology company worldwide. It operates through Residential Connectivity & Platforms, Business Services Connectivity, Media, Studios, and Theme Parks segments. The Residential Connectivity & Platforms segment provides residential broadband and wireless connectivity services, residential and business video services, sky-branded entertainment television networks, and advertising. The Business Services Connectivity segment offers connectivity services for small business locations, which include broadband, wireline voice, and wireless services, as well as solutions for medium-sized customers and larger enterprises; and small business connectivity services in the United Kingdom. The Media segment operates NBCUniversal's television and streaming business, including national and regional cable networks; the NBC and Telemundo broadcast networks and owned local broadcast television stations; and Peacock, a direct-to-consumer streaming services. It also operates international television networks comprising the Sky Sports networks, as well as other digital properties. The Studios segment operates NBCUniversal and Sky film and television studio production and distribution operations. The Theme Parks segment operates Universal theme parks in Orlando, Florida; Hollywood, California; Osaka, Japan; and Beijing, China. The company also offers a consolidated streaming platforms under the Philadelphia Flyers and the Wells Fargo Center arena in Philadelphia, Pennsylvania; and Xumo. Comcast Corporation was founded in 1963 and is headquartered in Philadelphia, Pennsylvania.",23.1,4.0,8.2,10.9,Moderate Controversy Level,2.0,,Medium,7.7,12.090000000000002,Enterprise,0
CL,Colgate-Palmolive Company,"300 Park Avenue
New York, NY 10022-7499
United States",Consumer Defensive,Household & Personal Products,34000.0,"Colgate-Palmolive Company, together with its subsidiaries, manufactures and sells consumer products in the United States and internationally. It operates through two segments: Oral, Personal and Home Care; and Pet Nutrition. The Oral, Personal and Home Care segment offers toothpaste, toothbrushes, mouthwash, bar and liquid hand soaps, shower gels, shampoos, conditioners, deodorants and antiperspirants, skin health products, dishwashing detergents, fabric conditioners, household cleaners, and other related items. This segment markets and sells its products under various brands, which include Colgate, Darlie, elmex, hello, meridol, Sorriso, Tom's of Maine, Irish Spring, Palmolive, Protex, Sanex, Softsoap, Lady Speed Stick, Speed Stick, EltaMD, Filorga, PCA SKIN, Ajax, Axion, Fabuloso, Murphy, Suavitel, and Soupline to a range of traditional and eCommerce retailers, wholesalers, and distributors. It includes pharmaceutical products for dentists and other oral health professionals. Its Pet Nutrition segment offers pet nutrition products for everyday nutritional needs under the Hill's Science Diet brand; and a range of therapeutic pet products to help nutritionally support dogs and cats in different stages of health under the Hill's Prescription Diet brand. This segment markets and sells its products through pet supply retailers, veterinarians, and eCommerce retailers. Colgate-Palmolive Company was founded in 1806 and is headquartered in New York, New York.",26.2,8.3,6.5,11.3,Moderate Controversy Level,2.0,,Medium,8.700000000000001,5.880000000000001,Enterprise,0
CTSH,Cognizant Technology Solutions,"300 Frank West Burr Boulevard
Teaneck, NJ 07666
United States",Technology,Information Technology Services,344400.0,"Cognizant Technology Solutions Corporation, a professional services company, provides consulting and technology, and outsourcing services in North America, Europe, and internationally. It operates through four segments: Financial Services, Health Sciences, Products and Resources, and Communications, Media and Technology. The company provides customer experience, robotic process automation, analytics, and AI services in areas, such as digital lending, fraud detection, and next generation payments; the shift towards consumerism, outcome-based contracting, digital health, delivering integrated seamless, omni-channel, and patient-centered experience; and services that drive operational improvements in areas, such as clinical development, pharmacovigilance, and manufacturing, as well as claims processing, enrollment, membership, and billing to healthcare providers and payers, and life sciences companies, including pharmaceutical, biotech, and medical device companies. It offers solution to manufacturers, automakers, retailers and travel and hospitality companies, as well as companies providing logistics, energy and utility services; and digital content, business process improvement, technology modernization, and the creation of unified and compelling user experience services to communications, media and entertainment, education, and information services and technology companies. The company was incorporated in 1988 and is headquartered in Teaneck, New Jersey.",14.7,1.1,5.9,7.6,Moderate Controversy Level,2.0,,Low,4.866666666666666,11.363333333333332,Enterprise,0
CMS,Cms Energy Corporation,"One Energy Plaza
Jackson, MI 49201
United States",Utilities,Utilities - Regulated Electric,8356.0,"CMS Energy Corporation operates as an energy company primarily in Michigan. The company operates through three segments: Electric Utility; Gas Utility; and Enterprises. The Electric Utility segment is involved in the generation, purchase, transmission, distribution, and sale of electricity. This segment generates electricity through coal, wind, gas, renewable energy, oil, and nuclear sources. Its distribution system comprises 208 miles of high-voltage distribution overhead lines; 4 miles of high-voltage distribution underground lines; 4,428 miles of high-voltage distribution overhead lines; 19 miles of high-voltage distribution underground lines; 82,474 miles of electric distribution overhead lines; 9,395 miles of underground distribution lines; 1,093 substations; and 3 battery facilities. The Gas Utility segment engages in the purchase, transmission, storage, distribution, and sale of natural gas, which includes 2,392 miles of transmission lines; 15 gas storage fields; 28,065 miles of distribution mains; and 8 compressor stations. The Enterprises segment is involved in the independent power production and marketing, including the development and operation of renewable generation. It serves 1.9 million electric and 1.8 million gas customers, including residential, commercial, and diversified industrial customers. The company was incorporated in 1987 and is headquartered in Jackson, Michigan.",21.7,9.6,5.2,6.8,Moderate Controversy Level,2.0,,Medium,7.199999999999999,4.959999999999999,Large,0
CLX,Clorox Company,"1221 Broadway
Oakland, CA 94612-1888
United States",Consumer Defensive,Household & Personal Products,8100.0,"The Clorox Company manufactures and markets consumer and professional products worldwide. It operates through four segments: Health and Wellness, Household, Lifestyle, and International. The Health and Wellness segment offers cleaning products, such as laundry additives and home care products primarily under the Clorox, Clorox2, Scentiva, Pine-Sol, Liquid-Plumr, Tilex, and Formula 409 brands; professional cleaning and disinfecting products under the CloroxPro and Clorox Healthcare brands; professional food service products under the Hidden Valley brand; and vitamins, minerals and supplement products under the RenewLife, Natural Vitality, NeoCell, and Rainbow Light brands in the United States. The Household segment provides cat litter products under the Fresh Step and Scoop Away brands; bags and wraps under the Glad brand; and grilling products under the Kingsford brand in the United States. The Lifestyle segment offers dressings, dips, seasonings, and sauces primarily under the Hidden Valley brand; natural personal care products under the Burt's Bees brand; and water-filtration products under the Brita brand in the United States. The International segment provides laundry additives; home care products; water-filtration systems; digestive health products; grilling products; cat litter products; food products; bags and wraps; natural personal care products; and professional cleaning and disinfecting products internationally primarily under the Clorox, Ayudin, Clorinda, Poett, Pine-Sol, Glad, Brita, RenewLife, Ever Clean and Burt's Bees brands. It sells its products primarily through mass retailers; grocery outlets; warehouse clubs; dollar stores; home hardware centers; drug, pet, and military stores; third-party and owned e-commerce channels; and distributors, as well as a direct sales force The Clorox Company was founded in 1913 and is headquartered in Oakland, California.",21.6,7.7,5.3,8.6,Moderate Controversy Level,2.0,,Medium,7.2,2.9099999999999997,Large,0
CFG,"Citizens Financial Group, Inc.","One Citizens Plaza
Providence, RI 02903
United States",Financial Services,Banks - Regional,17354.0,"Citizens Financial Group, Inc. operates as the bank holding company that provides retail and commercial banking products and services to individuals, small businesses, middle-market companies, corporations, and institutions in the United States. The company operates in two segments, Consumer Banking and Commercial Banking. The Consumer Banking segment offers deposit products, mortgage and home equity lending products, credit cards, business loans, wealth management, and investment services; and auto, education, and point-of-sale finance loans, as well as digital deposit products. This segment serves its customers through telephone service centers, as well as through its online and mobile platforms. The Commercial Banking segment provides various financial products and solutions, including lending and leasing, deposit and treasury management services, foreign exchange, and interest rate and commodity risk management solutions, as well as syndicated loans, corporate finance, mergers and acquisitions, and debt and equity capital markets services. This segment serves corporate banking, healthcare, technology, asset finance, franchise finance, leasing, asset-based lending, commercial real estate, mid-corporate, and private equity sponsor industries. The company was formerly known as RBS Citizens Financial Group, Inc. and changed its name to Citizens Financial Group, Inc. in April 2014. Citizens Financial Group, Inc. was founded in 1828 and is headquartered in Providence, Rhode Island.",23.5,2.0,11.4,10.1,Moderate Controversy Level,2.0,,Medium,7.833333333333333,25.94333333333333,Enterprise,0
CSCO,"Cisco Systems, Inc.","170 West Tasman Drive
San Jose, CA 95134-1706
United States",Technology,Communication Equipment,84900.0,"Cisco Systems, Inc. designs, manufactures, and sells Internet Protocol based networking and other products related to the communications and information technology industry in the Americas, Europe, the Middle East, Africa, the Asia Pacific, Japan, and China. The company also offers switching portfolio encompasses campus switching as well as data center switching; enterprise routing portfolio interconnects public and private wireline and mobile networks, delivering highly secure, and reliable connectivity to campus, data center and branch networks; wireless products include wireless access points and controllers; and compute portfolio including the cisco unified computing system, hyperflex, and software management capabilities, which combine computing, networking, and storage infrastructure management and virtualization. In addition, it provides Internet for the future product consists of routed optical networking, 5G, silicon, and optics solutions; collaboration products, such as meetings, collaboration devices, calling, contact center, and communication platform as a service; end-to-end security product consists of network security, cloud security, security endpoints, unified threat management, and zero trust; and optimized application experiences products including full stack observability and network assurance. Further, the company offers a range of service and support options for its customers, including technical support and advanced services and advisory services. It serves businesses of various sizes, public institutions, governments, and service providers. The company sells its products and services directly, as well as through systems integrators, service providers, other resellers, and distributors. Cisco Systems, Inc. has strategic alliances with other companies. Cisco Systems, Inc. was incorporated in 1984 and is headquartered in San Jose, California.",13.9,0.4,6.5,6.9,Moderate Controversy Level,2.0,,Low,4.6000000000000005,13.27,Enterprise,0
CTAS,Cintas Corp,"6800 Cintas Boulevard
PO Box 625737
Cincinnati, OH 45262-5737
United States",Industrials,Specialty Business Services,44500.0,"Cintas Corporation provides corporate identity uniforms and related business services primarily in the United States, Canada, and Latin America. It operates through Uniform Rental and Facility Services, First Aid and Safety Services, and All Other segments. The company rents and services uniforms and other garments, including flame resistant clothing, mats, mops and shop towels, and other ancillary items; and provides restroom cleaning services and supplies, as well as sells uniforms. In addition, the company offers first aid and safety services, and fire protection products and services. It provides its products and services through its distribution network and local delivery routes, or local representatives to small service and manufacturing companies, as well as major corporations. Cintas Corporation was founded in 1968 and is based in Cincinnati, Ohio. Cintas Corporation was formerly a subsidiary of Cintas Corporation.",18.1,3.0,5.9,9.2,Moderate Controversy Level,2.0,,Low,6.033333333333334,9.62333333333333,Enterprise,0
CB,Chubb Limited,"Baerengasse 32
Zurich, 8001
Switzerland",Financial Services,Insurance - Property & Casualty,40000.0,"Chubb Limited provides insurance and reinsurance products worldwide. The company's North America Commercial P&C Insurance segment offers commercial property, casualty, workers' compensation, package policies, risk management, financial lines, marine, construction, environmental, medical risk, cyber risk, surety, and casualty; and group accident and health insurance to large, middle market, and small commercial businesses. Its North America Personal P&C Insurance segment provides affluent and high net worth individuals and families with homeowners, automobile and collector cars, valuable articles, personal and excess liability, travel insurance, and recreational marine insurance and services. The company's North America Agricultural Insurance segment offers multiple peril crop and crop-hail insurance; and coverage for farm, ranch, and specialty property and casualty, and commercial agriculture products. Its Overseas General Insurance segment provides coverage for traditional commercial property and casualty; specialty categories, such as financial lines, marine, energy, aviation, political risk, and construction; and group accident and health, and traditional and specialty personal lines for corporations, middle markets, and small customers through retail brokers, agents, and other channels. The company's Global Reinsurance segment offers traditional and specialty reinsurance under the Chubb Tempest Re brand to property and casualty companies. Its Life Insurance segment provides protection and savings products comprising whole life, endowment plans, individual and life, group term life, health protection, personal accident, credit life, universal life, group employee benefits, and unit linked contracts. It markets its products primarily through insurance and reinsurance brokers. The company was formerly known as ACE Limited and changed its name to Chubb Limited in January 2016. Chubb Limited was incorporated in 1985 and is headquartered in Zurich, Switzerland.",23.6,1.5,10.6,11.5,Moderate Controversy Level,2.0,,Medium,7.866666666666667,30.603333333333335,Enterprise,0
CMG,"Chipotle Mexican Grill, Inc.","610 Newport Center Drive
Suite 1100
Newport Beach, CA 92660
United States",Consumer Cyclical,Restaurants,120000.0,"Chipotle Mexican Grill, Inc., together with its subsidiaries, owns and operates Chipotle Mexican Grill restaurants. It sells food and beverages through offering burritos, burrito bowls, quesadillas, tacos, and salads. The company also provides delivery and related services its app and website. It has operations in the United States, Canada, France, Germany, and the United Kingdom. Chipotle Mexican Grill, Inc. was founded in 1993 and is headquartered in Newport Beach, California.",20.7,6.8,4.3,9.6,Moderate Controversy Level,2.0,,Medium,6.8999999999999995,7.029999999999999,Enterprise,0
CHTR,Charter Comm Inc Del Cl a,"400 Washington Blvd.
Stamford, CT 06902
United States",Communication Services,Telecom Services,101100.0,"Charter Communications, Inc. operates as a broadband connectivity and cable operator company serving residential and commercial customers in the United States. The company offers subscription-based internet, video, and mobile and voice services; a suite of broadband connectivity services, including fixed internet, WiFi, and mobile; Advanced WiFi services; Spectrum Security Shield; in-home WiFi, which provides customers with high performance wireless routers and managed WiFi services to enhance their fixed wireless internet experience; out-of-home WiFi; and Spectrum WiFi services. It also offers voice communications services using voice over internet protocol technology; and broadband communications solutions, such as internet access, data networking, fiber connectivity, video entertainment, and business telephone services to cellular towers and office buildings for business and carrier organizations. In addition, the company provides mobile services; video programming, static IP and business WiFi, voice, and e-mail and security services; sells local advertising across various platforms for networks, such as TBS, CNN, and ESPN; sells advertising inventory to local sports and news channels; and offers Audience App to create data-driven linear TV campaigns for local advertisers. Further, the company offers communications products and managed service solutions; data connectivity services to mobile and wireline carriers on a wholesale basis; and owns and operates regional sports networks and news channels. It serves approximately 32 million customers in 41 states. Charter Communications, Inc.was founded in 1993 and is headquartered in Stamford, Connecticut.",24.7,6.1,7.9,10.7,Moderate Controversy Level,2.0,,Medium,8.233333333333333,5.373333333333333,Enterprise,0
CRL,"Charles River Laboratories International, Inc.","251 Ballardvale Street
Wilmington, MA 01887
United States",Healthcare,Diagnostics & Research,20400.0,"Charles River Laboratories International, Inc. provides drug discovery, non-clinical development, and safety testing services in the United States, Europe, Canada, the Asia Pacific, and internationally. It operates through three segments: Research Models and Services (RMS), Discovery and Safety Assessment (DSA), and Manufacturing Solutions (Manufacturing). The RMS segment produces and sells rodents, and purpose-bred rats and mice for use by researchers. This segment also provides a range of services to assist its clients in supporting the use of research models in research and screening pre-clinical drug candidates, including research models, genetically engineered models and services, insourcing solutions, and research animal diagnostic services. The DSA segment offers early and in vivo discovery services for the identification and validation of novel targets, chemical compounds, and antibodies through delivery of preclinical drug and therapeutic candidates ready for safety assessment; and safety assessment services, such as toxicology, pathology, safety pharmacology, bioanalysis, drug metabolism, and pharmacokinetics services. The Manufacturing segment provides in vitro methods for conventional and rapid quality control testing of sterile and non-sterile pharmaceuticals and consumer products. This segment also offers specialized testing of biologics that are outsourced by pharmaceutical and biotechnology companies. It also provides contract vivarium operation services to biopharmaceutical clients. The company was founded in 1947 and is headquartered in Wilmington, Massachusetts.",21.05,4.05,6.1,8.9,Unknown,2.0,,Unknown,6.349999999999999,5.927500000000002,Enterprise,0
CNP,"Centerpoint Energy, Inc.","1111 Louisiana Street
Houston, TX 77002
United States",Utilities,Utilities - Regulated Electric,8827.0,"CenterPoint Energy, Inc. operates as a public utility holding company in the United States. The company operates through two segments, Electric and Natural Gas. The Electric segment includes electric transmission and distribution services to electric customers and electric generation assets, as well as optimizes assets in the wholesale power market. The Natural Gas segment engages in the intrastate natural gas sales, and natural gas transportation and distribution for residential, commercial, industrial and institutional customers in Indiana, Louisiana, Minnesota, Mississippi, Ohio, and Texas; permanent pipeline connections through interconnects with various interstate and intrastate pipeline companies; and provides maintenance and repair services of home appliances to customers in Minnesota and home repair protection plans to natural gas customers in Indiana, Mississippi, Ohio, and Texas through a third party. It serves approximately 2,534,730 metered customers; owned 348 substations with transformer capacity of 79,719 megavolt amperes; and owned and operated 217 miles of intrastate pipeline in Louisiana and Texas. The company was founded in 1866 and is headquartered in Houston, Texas.",28.7,12.9,5.1,10.7,Moderate Controversy Level,2.0,,Medium,9.566666666666668,16.173333333333336,Large,0
CNC,Centene Corporation,"Centene Plaza
7700 Forsyth Boulevard
Saint Louis, MO 63105
United States",Healthcare,Healthcare Plans,59900.0,"Centene Corporation operates as a healthcare enterprise that provides programs and services to under-insured and uninsured families, commercial organizations, and military families in the United States. The company operates through Medicaid, Medicare, Commercial, and Other segments. The Medicaid segment offers health plan coverage, including medicaid expansion, aged, blind, disabled, children's health insurance program, foster care, medicare-medicaid plans, long-term services and support. This segment also provides healthcare products. The Medicare segment offers special needs and medicare supplement, and prescription drug plans. The Commercial segment provides health insurance marketplace product for individual, small, and large group commercials. It also operates clinical healthcare and pharmacies, as well as offers dental services. In addition, the company engages in the government contracts business under the TRICARE program and other healthcare related government contracts. It provides services through primary and specialty care physicians, hospitals, and ancillary providers. Centene Corporation was founded in 1984 and is headquartered in Saint Louis, Missouri.",19.9,0.1,6.5,13.3,Moderate Controversy Level,2.0,,Low,6.633333333333333,43.57333333333334,Enterprise,0
CE,Celanese Corporation,"222 West Las Colinas Boulevard
Suite 900N
Irving, TX 75039-5421
United States",Basic Materials,Chemicals,12400.0,"Celanese Corporation, a chemical and specialty materials company, manufactures and sells high performance engineered polymers in the United States and internationally. It operates through Engineered Materials and Acetyl Chain. The Engineered Materials segment develops, produces, and supplies specialty polymers for automotive and medical applications, as well as for use in industrial products and consumer electronics. The Acetyl Chain segment produces and supplies acetyl products, including acetic acid, vinyl acetate monomers, acetic anhydride, and acetate esters that are used as starting materials for colorants, paints, adhesives, coatings, and pharmaceuticals; and organic solvents and intermediates for pharmaceutical, agricultural, and chemical products. It also offers vinyl acetate-based emulsions for use in paints and coatings, adhesives, construction, glass fiber, textiles, and paper applications; and ethylene vinyl acetate resins and compounds, as well as low-density polyethylene for use in flexible packaging films, lamination film products, hot melt adhesives, automotive parts, and carpeting applications. In addition, it provides redispersible powders (RDP) for use in construction applications, including flooring, plasters, insulation, tiling, and waterproofing. Celanese Corporation was founded in 1918 and is headquartered in Irving, Texas.",26.1,14.7,5.6,5.9,Moderate Controversy Level,2.0,,Medium,8.733333333333334,26.723333333333326,Enterprise,0
CDW,Cdw Corporation,"200 North Milwaukee Avenue
Vernon Hills, IL 60061
United States",Technology,Information Technology Services,11400.0,"CDW Corporation provides information technology (IT) solutions in the United States, the United Kingdom, and Canada. It operates through three segments: Corporate, Small Business, and Public. The company offers discrete hardware and software products and services, as well as integrated IT solutions, including on-premise and cloud capabilities across hybrid infrastructure, digital experience, and security. It also provides hardware products comprising notebooks/mobile devices, tablets, network communications, desktop computers, collaboration, data storage and servers, and others; and software products, such as cloud solutions, software assurance, application suites, security, virtualization, operating systems, and network management. In addition, the company offers advisory and design, software development, implementation, managed, professional, configuration, partner, and telecom services, as well as warranties; delivers and manages mission critical software, systems, and network solutions; and implementation and installation, and repair services to its customers through various third-party service providers. It serves government, education, and healthcare customers; and small, medium, and large business customers. CDW Corporation was founded in 1984 and is headquartered in Vernon Hills, Illinois.",9.2,2.5,3.5,3.2,None Controversy Level,2.0,,Low,3.0666666666666664,0.26333333333333336,Enterprise,0
CTLT,"Catalent, Inc.","14 Schoolhouse Road
Somerset, NJ 08873
United States",Healthcare,Drug Manufacturers - Specialty & Generic,18000.0,"Catalent, Inc., together with its subsidiaries, develops and manufactures solutions for drugs, protein-based biologics, cell and gene therapies, and consumer health products worldwide. It operates in two segments, Biologics, and Pharma and Consumer Health. The Biologics segment provides formulation, development, and manufacturing for biologic proteins, cell gene, and other nucleic acid therapies; pDNA, iPSCs, oncolytic viruses, and vaccines; formulation, development, and manufacturing for parenteral dose forms, including vials, prefilled syringes, and cartridges; and analytical development and testing services for large molecules. The Pharma and Consumer Health segment offers formulation, development, and manufacturing services for soft capsules for use in a range of customer products, such as prescription drugs, over-the-counter medications, dietary supplements, unit-dose cosmetics, and animal health medicinal preparations; and oral, nasal, inhaled, and topical dose forms. This segment also provides clinical supply services through manufacturing, packaging, storage, distribution, and inventory management for small-molecule drugs, protein-based biologics, and cell and gene therapies in clinical trials; and pre-clinical screening, formulation, analytical development, and current good manufacturing practices manufacturing at clinical and commercial scale for softgel capsule, Zydis fast-dissolve tablets, oral solid-dose formats, dry powder inhalers, and nasal delivery devices. The company also offers FlexDirect direct-to-patient and FastChain demand-led clinical supply solutions; fill and finish operations for injectable products; and integrated development and product supply chain solutions. It serves pharmaceutical, biotechnology, and consumer health companies; and companies in other healthcare market segments, such as animal health and medical devices, as well as in cosmetics industries. The company was founded in 1933 and is headquartered in Somerset, New Jersey.",21.05,4.05,6.1,8.9,Unknown,2.0,,Unknown,6.349999999999999,5.927500000000002,Enterprise,0
CARR,Carrier Global Corporation,"13995 Pasteur Boulevard
Palm Beach Gardens, FL 33418
United States",Industrials,Building Products & Equipment,53000.0,"Carrier Global Corporation provides heating, ventilating, and air conditioning (HVAC), refrigeration, fire, security, and building automation technologies in the United States, Europe, the Asia Pacific, and internationally. It operates through three segments: HVAC, Refrigeration, and Fire & Security. The HVAC segment provides products, controls, services, and solutions to meet the heating, cooling, and ventilation needs of residential and commercial customers. Its products include air conditioners, heating systems, heat pumps, controls, and aftermarket components, as well as aftermarket repair and maintenance services and building automation solutions. The Refrigeration segment offers transport refrigeration and monitoring products and services, as well as digital solutions for trucks, trailers, shipping containers, intermodal applications, food retail, and warehouse cooling; and commercial refrigeration solutions, such as refrigerated cabinets, freezers, systems, and controls. The Fire & Security segment provides various residential, commercial, and industrial technologies, including fire, flame, gas, smoke, and carbon monoxide detection; portable fire extinguishers; fire suppression systems; intruder alarms; access control systems; video management systems; and electronic controls. This segment also offers fire and security service, such as audit, design, installation, and system integration, as well as aftermarket maintenance and repair and monitoring services. It offers its products under the Autronica, Det-Tronics, Edwards, Aritech, Fireye, GST, Kidde, LenelS2, Marioff, Onity, and Supra; Carrier, Toshiba, Automated Logic, Bryant, CIAT, Day & Night, Heil, NORESCO, and Riello; and Carrier Commercial Refrigeration, Carrier Transicold, and Sensitech brands. Carrier Global Corporation was incorporated in 2019 and is headquartered in Palm Beach Gardens, Florida.",21.05,4.05,6.1,8.9,Unknown,2.0,,Unknown,6.349999999999999,5.927500000000002,Enterprise,0
KMX,Carmax Inc.,"12800 Tuckahoe Creek Parkway
Richmond, VA 23238
United States",Consumer Cyclical,Auto & Truck Dealerships,29836.0,"CarMax, Inc., through its subsidiaries, operates as a retailer of used vehicles and related products in the United States. It operates in two segments: CarMax Sales Operations and CarMax Auto Finance. The CarMax Sales Operations segment offers customers a range of makes and models of used vehicles, including domestic, imported, and luxury vehicles, as well as hybrid and electric vehicles; used vehicle auctions; extended protection plans to customers at the time of sale; and reconditioning and vehicle repair services. The CarMax Auto Finance segment provides financing alternatives for retail customers across a range of credit spectrum and arrangements with various financial institutions. The company was founded in 1993 and is based in Richmond, Virginia.",12.1,0.1,4.0,8.0,Moderate Controversy Level,2.0,,Low,4.033333333333333,15.603333333333333,Enterprise,0
CPB,Campbell Soup Company,"1 Campbell Place
Camden, NJ 08103-1799
United States",Consumer Defensive,Packaged Foods,14500.0,"Campbell Soup Company, together with its subsidiaries, manufactures and markets food and beverage products in the United States and internationally. The company operates through Meals & Beverages and Snacks segments. The Meals & Beverages segment engages in the retail and foodservice businesses in the United States and Canada. This segment provides Campbell's condensed and ready-to-serve soups; Swanson broth and stocks; Pacific Foods broth, soups, and non-dairy beverages; Prego pasta sauces; Pace Mexican sauces; Campbell's gravies, pasta, beans, and dinner sauces; Swanson canned poultry; V8 juices and beverages; Campbell's tomato juice; and snacking products in foodservice in Canada. The Snacks segment retails Pepperidge Farm cookies, crackers, fresh bakery, and frozen products, that includes Goldfish crackers, Snyder's of Hanover pretzels, Lance sandwich crackers, Cape Cod and Kettle Brand potato chips, Late July snacks, Snack Factory pretzel crisps, Pop Secret popcorn, and other snacking products. This segment is also involved in the retail business in Latin America. It sells its products through retail food chains, mass discounters and merchandisers, club stores, convenience stores, drug stores, and dollar stores, as well as e-commerce and other retail, commercial, and non-commercial establishments, and independent contractor distributors. The company was founded in 1869 and is headquartered in Camden, New Jersey.",23.5,10.9,4.5,8.1,Moderate Controversy Level,2.0,,Medium,7.833333333333333,10.293333333333335,Enterprise,0
CZR,"Caesars Entertainment, Inc.","100 West Liberty Street
12th Floor
Reno, NV 89501
United States",Consumer Cyclical,Resorts & Casinos,51000.0,"Caesars Entertainment, Inc. operates as a gaming and hospitality company. The company owns, leases, or manages domestic properties in 18 states with slot machines, video lottery terminals and e-tables, and hotel rooms, as well as table games, including poker. It also operates and conducts retail and online sports wagering across 31 jurisdictions in North America and operates iGaming in five jurisdictions in North America; sports betting from our retail and online sportsbooks; and other games, such as keno. In addition, the company operates dining venues, bars, nightclubs, lounges, hotels, and entertainment venues; and provides staffing and management services. Caesars Entertainment, Inc. was founded in 1937 and is based in Reno, Nevada.",21.05,4.05,6.1,8.9,Unknown,2.0,,Unknown,6.349999999999999,5.927500000000002,Enterprise,0
CDNS,Cadence Design Systems,"Building 5
2655 Seely Avenue
San Jose, CA 95134
United States",Technology,Software - Application,11200.0,"Cadence Design Systems, Inc. provides software, hardware, services, and reusable integrated circuit (IC) design blocks worldwide. The company offers functional verification services, including emulation and prototyping hardware. Its functional verification offering consists of JasperGold, a formal verification platform; Xcelium, a parallel logic simulation platform; Palladium, an enterprise emulation platform; and Protium, a prototyping platform for chip verification. The company also provides digital IC design and sign off products, including Genus synthesis and Joules RTL power solutions, as well as Modus DFT software solution to reduce systems-on-chip design-for-test time; physical implementation tools, such as place and route, optimization, and multiple patterning preparation; and Innovus implementation system, a physical implementation system. In addition, it offers custom IC design and simulation products to create schematic and physical representations of circuits down to the transistor level for analog, mixed-signal, custom digital, memory, and radio frequency designs; and system design and analysis products to develop printed circuit boards and IC packages, as well as to analyze electromagnetic, electro-thermal, and other multi-physics effects. Further, the company provides intellectual property (IP) products comprising pre-verified and customizable functional blocks to integrate into customer's ICs; and verification IP with memory models to emulate and model the expected behavior and interaction of standard industry system interface protocols. Additionally, it offers services related to methodology, education, and hosted design solutions, as well as technical support and maintenance services. The company serves consumer, hyperscale computing, 5G communications, mobile, automotive, aerospace and defense, industrial, and life science industries. Cadence Design Systems, Inc. was incorporated in 1987 and is headquartered in San Jose, California.",12.0,2.3,4.8,4.9,None Controversy Level,2.0,,Low,4.0,2.1700000000000004,Enterprise,0
BLDR,"Builders Firstsource, Inc.","6031 Connection Drive
Suite 400
Irving, TX 75039
United States",Industrials,Building Products & Equipment,29000.0,"Builders FirstSource, Inc., together with its subsidiaries, manufactures and supplies building materials, manufactured components, and construction services to professional homebuilders, sub-contractors, remodelers, and consumers in the United States. It offers lumber and lumber sheet goods comprising dimensional lumber, plywood, and oriented strand board products that are used in on-site house framing; manufactured products, such as wood floor and roof trusses, floor trusses, wall panels, stairs, and engineered wood products; and windows, and interior and exterior door units, as well as interior trims and custom products comprising intricate mouldings, stair parts, and columns under the Synboard brand name. The company also provides specialty building products and services, including vinyl, composite and wood siding, exterior trims, metal studs, cement, roofing, insulation, wallboards, ceilings, cabinets, and hardware products; turn-key framing, shell construction, design assistance, and professional installation services. In addition, it offers software products, such as drafting, estimating, quoting, and virtual home design services, which provide software solutions to retailers, distributors, manufacturers, and homebuilders. The company was formerly known as BSL Holdings, Inc. and changed its name to Builders FirstSource, Inc. in October 1999. Builders FirstSource, Inc. was incorporated in 1998 and is based in Irving, Texas.",21.05,4.05,6.1,8.9,Unknown,2.0,,Unknown,6.349999999999999,5.927500000000002,Enterprise,0
BF.B,Brown-Forman Corporation Class B,Unknown,Unknown,Unknown,,Unknown,21.05,4.05,6.1,8.9,Unknown,2.0,,Unknown,6.349999999999999,5.927500000000002,,0
BR,Broadridge Financial Solutions Inc,"5 Dakota Drive
Suite 300
Lake Success, NY 11042
United States",Technology,Information Technology Services,14000.0,"Broadridge Financial Solutions, Inc. provides investor communications and technology-driven solutions for the financial services industry. The company's Investor Communication Solutions segment processes and distributes proxy materials to investors in equity securities and mutual funds, as well as facilitates related vote processing services; and distributes regulatory reports, class action, and corporate action/reorganization event information, as well as tax reporting solutions. It also offers ProxyEdge, an electronic proxy delivery and voting solution; data-driven solutions and an end-to-end platform for content management, composition, and omni-channel distribution of regulatory, marketing, and transactional information, as well as mutual fund trade processing services; solutions for public corporations and mutual funds; data and analytics solutions; SEC filing and capital markets transaction services; registrar, stock transfer, and record-keeping services; and omni-channel customer communications solutions, as well as operates Broadridge Communications Cloud platform that creates, delivers, and manages communications and customer engagement activities. Its Global Technology and Operations segment provides solutions that automate the front-to-back transaction lifecycle of equity, mutual fund, fixed income, foreign exchange and exchange-traded derivatives, order capture and execution, trade confirmation, margin, cash management, clearing and settlement, reference data management, reconciliations, securities financing and collateral management, asset servicing, compliance and regulatory reporting, portfolio accounting, and custody-related services. This segment also offers business process outsourcing services; technology solutions, such portfolio management, compliance, fee billing, and operational support solutions; and capital market and wealth and investment management solutions. The company was founded in 1962 and is headquartered in Lake Success, New York.",16.6,4.2,4.9,7.5,Moderate Controversy Level,2.0,,Low,5.533333333333334,3.023333333333333,Enterprise,0
BMY,Bristol-Myers Squibb Co.,"Route 206 & Province Line Road
Princeton, NJ 08543
United States",Healthcare,Drug Manufacturers - General,34100.0,"Bristol-Myers Squibb Company discovers, develops, licenses, manufactures, markets, distributes, and sells biopharmaceutical products worldwide. It offers products for hematology, oncology, cardiovascular, immunology, fibrotic, and neuroscience diseases. The company's products include Eliquis for reduction in risk of stroke/systemic embolism in non-valvular atrial fibrillation, and for the treatment of DVT/PE; Opdivo for various anti-cancer indications, including bladder, blood, CRC, head and neck, RCC, HCC, lung, melanoma, MPM, stomach and esophageal cancer; Pomalyst/Imnovid for multiple myeloma; Orencia for active rheumatoid arthritis and psoriatic arthritis; and Sprycel for the treatment of Philadelphia chromosome-positive chronic myeloid leukemia. It also provides Yervoy for the treatment of patients with unresectable or metastatic melanoma; Empliciti for the treatment of multiple myeloma; Abecma for the treatment of relapsed or refractory multiple myeloma; Reblozyl for the treatment of anemia; Opdualag for the treatment of unresectable or metastatic melanoma; and Zeposia to treat relapsing forms of multiple sclerosis. In addition, the company offers Breyanzi for the treatment of relapsed or refractory large B-cell lymphoma; Onureg for the treatment of AML; Inrebic for the treatment of myelofibrosis; Camzyos for the treatment of symptomatic obstructive HCM to enhance functional capacity and symptom; Sotyktu for the treatment of moderate-to-severe plaque psoriasis; Augtyro for the treatment of locally advanced or metastatic ROS1-positive NSCLC; Revlimid, an oral immunomodulatory drug for the treatment of multiple myeloma; and Abraxane to treat breast cancer, NSCLC and pancreatic cancer. It sells products to wholesalers, distributors, pharmacies, retailers, hospitals, clinics, and government agencies. The company was formerly known as Bristol-Myers Company. Bristol-Myers Squibb Company was founded in 1887 and is headquartered in Princeton, New Jersey.",22.7,1.3,7.1,14.4,Moderate Controversy Level,2.0,,Medium,7.6000000000000005,43.09,Enterprise,0
BSX,Boston Scientific Corp.,"300 Boston Scientific Way
Marlborough, MA 01752-1234
United States",Healthcare,Medical Devices,48000.0,"Boston Scientific Corporation develops, manufactures, and markets medical devices for use in various interventional medical specialties worldwide. It operates through two segments, MedSurg and Cardiovascular. The company offers devices to diagnose and treat gastrointestinal and pulmonary conditions, such as resolution clips, biliary stent systems, stents and electrocautery enhanced delivery systems, direct visualization systems, digital catheters, and single-use duodenoscopes; devices to treat urological conditions, including ureteral stents, catheters, baskets, guidewires, sheaths, balloons, single-use digital flexible ureteroscopes, holmium laser systems, artificial urinary sphincter, laser system, fiber, and hydrogel systems; and devices to treat neurological movement disorders and manage chronic pain, such as spinal cord stimulator system, proprietary programming software, radiofrequency generator, indirect decompression systems, practice optimization tools, and deep brain stimulation system. It also provides technologies for diagnosing and treating coronary artery disease and aortic valve conditions; WATCHMAN FLX, a Left Atrial Appendage Closure Device; and implantable devices that monitor the heart and deliver electricity to treat cardiac abnormalities, such as cardioverter and cardiac resynchronization therapy defibrillators, MRI S-ICD systems, cardiac resynchronization therapy pacemakers, quadripolar LV leads, ICD leads, pacing leads, remote patient management systems, insertable cardiac monitor systems, and remote cardiac monitoring systems. In addition, the company offers diagnosis and treatment of rate and rhythm disorders of the heart; peripheral arterial and venous diseases; and products to diagnose, treat and ease forms of cancer. The company was incorporated in 1979 and is headquartered in Marlborough, Massachusetts.",23.1,2.4,8.9,11.9,Moderate Controversy Level,2.0,,Medium,7.733333333333334,23.583333333333332,Enterprise,0
BWA,Borgwarner Inc.,"3850 Hamlin Road
Auburn Hills, MI 48326
United States",Consumer Cyclical,Auto Parts,39900.0,"BorgWarner Inc., together with its subsidiaries, provides solutions for combustion, hybrid, and electric vehicles worldwide. It offers turbochargers, eBoosters, eTurbos, timing systems, emissions systems, thermal systems, gasoline ignition technology, smart remote actuators, powertrain sensors, cabin heaters, battery modules and systems, battery heaters, and battery charging. The company provides power electronics, control modules, software, friction, and mechanical products for automatic transmissions and torque-management products. It sells its products to original equipment manufacturers of light vehicles, which comprise passenger cars, sport-utility vehicles, vans, and light trucks; commercial vehicles, including medium-duty and heavy-duty trucks, and buses; and off-highway vehicles, such as agricultural and construction machinery, and marine applications, as well as to tier one vehicle systems suppliers and the aftermarket for light, commercial, and off-highway vehicles. The company was formerly known as Borg-Warner Automotive, Inc. BorgWarner Inc. was incorporated in 1987 and is headquartered in Auburn Hills, Michigan.",12.6,2.7,5.7,4.2,Moderate Controversy Level,2.0,,Low,4.2,2.25,Enterprise,0
BX,Blackstone Inc.,"345 Park Avenue
New York, NY 10154
United States",Financial Services,Asset Management,4735.0,"Blackstone Inc. is an alternative asset management firm specializing in real estate, private equity, hedge fund solutions, credit, secondary funds of funds, public debt and equity and multi-asset class strategies. The firm typically invests in early-stage companies. It also provide capital markets services. The real estate segment specializes in opportunistic, core+ investments as well as debt investment opportunities collateralized by commercial real estate, and stabilized income-oriented commercial real estate across North America, Europe and Asia. The firm's corporate private equity business pursues transactions throughout the world across a variety of transaction types, including large buyouts,special situations, distressed mortgage loans, mid-cap buyouts, buy and build platforms, which involves multiple acquisitions behind a single management team and platform, and growth equity/development projects involving significant majority stakes in portfolio companies and minority investments in operating companies, shipping, real estate, corporate or consumer loans, and alternative energy greenfield development projects in energy and power, property, dislocated markets, shipping opportunities, financial institution breakups, re-insurance, and improving freight mobility, financial services, healthcare, life sciences, infrastructure, enterprise tech and consumer, as well as consumer technologies. The firm considers investment in Asia and Latin America. It seeks to invest between $0.25 million and $900 million per transaction. It invests in companies with enterprise value between $500 million and $5000 million. It has a three year investment period. Its hedge fund business manages a broad range of commingled and customized fund solutions and its credit business focuses on loans, and securities of non-investment grade companies spread across the capital structure including senior debt, subordinated debt, preferred stock and common equity. Blackstone Inc. was founded in 1985 and is headquartered in New York, New York with additional offices across Asia, Europe, North America and Central America.",23.4,2.5,11.3,9.6,Moderate Controversy Level,2.0,,Medium,7.8,21.790000000000003,Large,0
BLK,"Blackrock, Inc.","50 Hudson Yards
New York, NY 10001
United States",Financial Services,Asset Management,19300.0,"BlackRock, Inc. is a publicly owned investment manager. The firm primarily provides its services to institutional, intermediary, and individual investors including corporate, public, union, and industry pension plans, insurance companies, third-party mutual funds, endowments, public institutions, governments, foundations, charities, sovereign wealth funds, corporations, official institutions, and banks. It also provides global risk management and advisory services. The firm manages separate client-focused equity, fixed income, and balanced portfolios. It also launches and manages open-end and closed-end mutual funds, offshore funds, unit trusts, and alternative investment vehicles including structured funds. The firm launches equity, fixed income, balanced, and real estate mutual funds. It also launches equity, fixed income, balanced, currency, commodity, and multi-asset exchange traded funds. The firm also launches and manages hedge funds. It invests in the public equity, fixed income, real estate, currency, commodity, and alternative markets across the globe. The firm primarily invests in growth and value stocks of small-cap, mid-cap, SMID-cap, large-cap, and multi-cap companies. It also invests in dividend-paying equity securities. The firm invests in investment grade municipal securities, government securities including securities issued or guaranteed by a government or a government agency or instrumentality, corporate bonds, and asset-backed and mortgage-backed securities. It employs fundamental and quantitative analysis with a focus on bottom-up and top-down approach to make its investments. The firm employs liquidity, asset allocation, balanced, real estate, and alternative strategies to make its investments. In real estate sector, it seeks to invest in Poland and Germany. The firm benchmarks the performance of its portfolios against various S&P, Russell, Barclays, MSCI, Citigroup, and Merrill Lynch indices. BlackRock, Inc. was founded in 1988 and is based in New York City with additional offices in Boston, Massachusetts; London, United Kingdom; Gurgaon, India; Hong Kong; Greenwich, Connecticut; Princeton, New Jersey; Edinburgh, United Kingdom; Sydney, Australia; Taipei, Taiwan; Singapore; Sao Paulo, Brazil; Philadelphia, Pennsylvania; Washington, District of Columbia; Toronto, Canada; Wilmington, Delaware; and San Francisco, California.",18.3,0.9,10.0,7.4,Moderate Controversy Level,2.0,,Low,6.1000000000000005,21.97,Enterprise,0
TECH,Bio-Techne Corp.,"614 McKinley Place N.E.
Minneapolis, MN 55413
United States",Healthcare,Biotechnology,3200.0,"Bio-Techne Corporation, together with its subsidiaries, develops, manufactures, and sells life science reagents, instruments, and services for the research and clinical diagnostic markets in the United States, the United Kingdom, rest of Europe, Middle East, and Africa, Greater China, rest of Asia-Pacific, and internationally. The company operates through two segments, Protein Sciences, and Diagnostics and Genomics. The Protein Sciences segment develops and manufactures biological reagents used in various aspects of life science research, diagnostics, and cell and gene therapy, such as cytokines and growth factors, antibodies, small molecules, tissue culture sera, and cell selection technologies. This segment also offers proteomic analytical tools for automated western blot and multiplexed ELISA workflow consists of manual and automated protein analysis instruments and immunoassays for use in quantifying proteins in various biological fluids. The Diagnostics and Genomics segment develops and manufactures diagnostic products, including controls, calibrators, and diagnostic assays for regulated diagnostics market, exosome-based molecular diagnostic assays, advanced tissue-based in-situ hybridization assays for spatial genomic and tissue biopsy analysis, and genetic and oncology kits for research and clinical applications; and sells products for genetic carrier screening, oncology diagnostics, molecular controls, and research, as well as instruments and process control products for hematology, blood chemistry and gases, and coagulation controls and reagents used in various diagnostic applications. The company was formerly known as Techne Corporation and changed its name to Bio-Techne Corporation in November 2014. Bio-Techne Corporation was incorporated in 1976 and is headquartered in Minneapolis, Minnesota.",21.05,4.05,6.1,8.9,Unknown,2.0,,Unknown,6.349999999999999,5.927500000000002,Large,0
BBY,"Best Buy Company, Inc.","7601 Penn Avenue South
Richfield, MN 55423
United States",Consumer Cyclical,Specialty Retail,85000.0,"Best Buy Co., Inc. engages in the retail of technology products in the United States, Canada, and international. Its stores provide computing and mobile phone products, such as desktops, notebooks, and peripherals; mobile phones comprising related mobile network carrier commissions; networking products; tablets covering e-readers; smartwatches; and consumer electronics consisting of digital imaging, health and fitness products, portable audio comprising headphones and portable speakers, and smart home products, as well as home theaters, which includes home theater accessories, soundbars, and televisions. The company's stores also offer appliances, such as dishwashers, laundry, ovens, refrigerators, blenders, coffee makers, vacuums, and personal care; entertainment products consisting of drones, peripherals, movies, and toys, as well as hardware and software, and virtual reality and other software products; and other products, such as baby, food and beverage, luggage, outdoor living, and sporting goods. In addition, it provides delivery, installation, memberships, repair, set-up, technical support, health-related, and warranty-related services. The company offers its products through stores and websites under the Best Buy, Best Buy Ads, Best Buy Business, Best Buy Health, Buy Mobile, CST, Current Health, Geek Squad, Lively, Magnolia, Pacific Kitchen, Home, TechLiquidators, and Yardbird brands, as well as domain names comprising bestbuy.com, currenthealth.com, lively.com, techliquidators.com, yardbird.com, and bestbuy.ca. The company was formerly known as Sound of Music, Inc. Best Buy Co., Inc. was incorporated in 1966 and is headquartered in Richfield, Minnesota.",15.9,2.4,4.4,9.1,Moderate Controversy Level,2.0,,Low,5.3,11.83,Enterprise,0
BBWI,"Bath & Body Works, Inc.","Three Limited Parkway
Columbus, OH 43230
United States",Consumer Cyclical,Specialty Retail,8981.0,"Bath & Body Works, Inc. operates a specialty retailer of home fragrance, body care, and soaps and sanitizer products. It sells its products under the Bath & Body Works, White Barn, and other brand names through retail stores and e-commerce sites located in the United States and Canada, as well as through international stores operated by partners under franchise, license, and wholesale arrangements. The company was formerly known as L Brands, Inc. and changed its name to Bath & Body Works, Inc. in August 2021. Bath & Body Works, Inc. was founded in 1963 and is headquartered in Columbus, Ohio.",28.3,12.2,5.9,10.3,Moderate Controversy Level,2.0,,Medium,9.466666666666667,10.443333333333332,Large,0
BK,Bank of New York Mellon Corporation,"240 Greenwich Street
New York, NY 10286
United States",Financial Services,Asset Management,52100.0,"The Bank of New York Mellon Corporation provides a range of financial products and services in the United States and internationally. The company operates through Securities Services, Market and Wealth Services, Investment and Wealth Management, and other segments. The Securities Services segment offers custody, trust and depositary, accounting, exchange-traded funds, middle-office solutions, transfer agency, services for private equity and real estate funds, foreign exchange, securities lending, liquidity/lending services, and data analytics. This segment also provides trustee, paying agency, fiduciary, escrow and other financial, issuer, and support services for brokers and investors. The Market and Wealth Services segment offers clearing and custody, investment, wealth and retirement solutions, technology and enterprise data management, trading, and prime brokerage services. This segment also provides integrated cash management solutions, including payments, foreign exchange, liquidity management, receivables processing and payables management, and trade finance and processing services. The Investment and Wealth Management segment offers investment management strategies and distribution of investment products, investment management, custody, wealth and estate planning, private banking, investment, and information management services. The Other segment engages in the provision of leasing, corporate treasury, derivative and other trading, corporate and bank-owned life insurance, renewable energy investment, and business exit services. It serves central banks and sovereigns, financial institutions, asset managers, insurance companies, corporations, local authorities and high net-worth individuals, and family offices. The Bank of New York Mellon Corporation was founded in 1784 and is headquartered in New York, New York.",20.9,1.1,9.9,9.9,Moderate Controversy Level,2.0,,Medium,6.966666666666666,25.813333333333336,Enterprise,0
BALL,Ball Corporation,"9200 West 108th Circle
Westminster, CO 80021
United States",Consumer Cyclical,Packaging & Containers,16000.0,"Ball Corporation supplies aluminum packaging products for the beverage, personal care, and household products industries in the United States, Brazil, and internationally. The company manufactures and sells aluminum beverage containers to fillers of carbonated soft drinks, beer, energy drinks, and other beverages. It also manufactures and sells extruded aluminum aerosol containers, recloseable aluminum bottles, aluminum cups, and aluminum slugs. Ball Corporation was founded in 1880 and is headquartered in Westminster, Colorado.",12.1,7.6,3.7,0.8,Moderate Controversy Level,2.0,,Low,4.033333333333334,11.643333333333333,Enterprise,0
BKR,Baker Hughes Company,"575 North Dairy Ashford Road
Suite 100
Houston, TX 77079-1121
United States",Energy,Oil & Gas Equipment & Services,57000.0,"Baker Hughes Company provides a portfolio of technologies and services to energy and industrial value chain worldwide. The company operates through Oilfield Services & Equipment (OFSE) and Industrial & Energy Technology (IET) segments. The OFSE segment designs and manufactures products and provides related services, including exploration, appraisal, development, production, rejuvenation, and decommissioning for onshore and offshore oilfield operations. This segment also provides drilling services, drill bits, and drilling and completions fluids; completions, intervention, measurements, pressure pumping, and wireline services; artificial lift systems, and oilfield and industrial chemicals; subsea projects and services, flexible pipe systems, and surface pressure control systems; and integrated well services and solutions. It serves oil and natural gas companies; the United States and international independent oil and natural gas companies; national or state-owned oil companies; engineering, procurement, and construction contractors; geothermal companies; and other oilfield service companies. The IET segment provides gas technology equipment, including drivers, driven equipment, flow control, and turnkey solutions for the mechanical-drive, compression, and power-generation applications; and energy sectors, such as oil and gas, LNG operations, petrochemical, and carbon solutions. This segment also provides rack-based vibration monitoring equipment and sensors; integrated asset performance management products; inspection services; pumps, valves, and gears; precision sensors and instrumentation, and condition monitoring solutions. It serves upstream, midstream, downstream, onshore, offshore, and small and large scale customers. The company was formerly known as Baker Hughes, a GE company and changed its name to Baker Hughes Company in October 2019. Baker Hughes Company was incorporated in 2016 and is based in Houston, Texas.",21.05,4.05,6.1,8.9,Unknown,2.0,,Unknown,6.349999999999999,5.927500000000002,Enterprise,0
AXON,"Axon Enterprise, Inc.","17800 North 85th Street
Scottsdale, AZ 85255
United States",Industrials,Aerospace & Defense,3330.0,"Axon Enterprise, Inc. develops, manufactures, and sells conducted energy devices (CEDs) under the TASER brand in the United States and internationally. It operates through two segments, Software and Sensors, and TASER. The company also offers hardware and cloud-based software solutions that enable law enforcement to capture, securely store, manage, share, and analyze video and other digital evidence. Its products include axon officer safety plan; taser 10, taser7, taser X26P, taser X2, taser 7 CQ, and civilian series; cameras, such as axon body, axon flex, axon fleet, axon air, axon signal sidearm, axon signal vehicle, axon interview, and axon interview portable kit; software, including axon records, evidence, standards, commander, performance, auto-transcribe, justice, investigate, respond, and justice, my90, and redaction assistant; mobile applications, and training services, as well as hardware extended warranties; and Axon docks, cartridges, and batteries. The company sells its products through its direct sales, distribution partners, online store, and third-party resellers. Axon Enterprise, Inc. has a strategic partnership with Fusus, Inc. to expand bility to aggregate live video, data, and sensor feeds. It serves law enforcement, federal, correction, fire, EMS, campus, justice healthcare, retail, private security, and personal safety industries. The company was formerly known as TASER International, Inc. and changed its name to Axon Enterprise, Inc. in April 2017. Axon Enterprise, Inc. was incorporated in 1993 and is headquartered in Scottsdale, Arizona.",21.05,4.05,6.1,8.9,Unknown,2.0,,Unknown,6.349999999999999,5.927500000000002,Large,0
AZO,"Autozone, Inc.","123 South Front Street
Memphis, TN 38103
United States",Consumer Cyclical,Specialty Retail,71400.0,"AutoZone, Inc. retails and distributes automotive replacement parts and accessories in the United States, Mexico, and Brazil. The company provides various products for cars, sport utility vehicles, vans, and light trucks, including new and remanufactured automotive hard parts, maintenance items, accessories, and non-automotive products. It also offers A/C compressors, batteries and accessories, bearings, belts and hoses, calipers, chassis, clutches, CV axles, engines, fuel pumps, fuses, ignition and lighting products, mufflers, radiators, starters and alternators, thermostats, and water pumps, as well as tire repairs. In addition, the company provides maintenance products, such as antifreeze and windshield washer fluids; brake drums, rotors, shoes, and pads; brake and power steering fluids, and oil and fuel additives; oil and transmission fluids; oil, cabin, air, fuel, and transmission filters; oxygen sensors; paints and accessories; refrigerants and accessories; shock absorbers and struts; spark plugs and wires; and windshield wipers. Further, it offers air fresheners, cell phone accessories, drinks and snacks, floor mats and seat covers, interior and exterior accessories, mirrors, performance products, protectants and cleaners, sealants and adhesives, steering wheel covers, tools, vehicle entertainment systems, and wash and wax products, as well as towing services. Additionally, the company provides a sales program that offers commercial credit and delivery of parts and other products; sells automotive diagnostic and repair software under the ALLDATA brand through alldata.com and alldatadiy.com; and automotive hard parts, maintenance items, accessories, and non-automotive products through autozone.com. AutoZone, Inc. was founded in 1979 and is headquartered in Memphis, Tennessee.",11.0,0.1,3.8,7.1,Moderate Controversy Level,2.0,,Low,3.6666666666666665,12.263333333333332,Enterprise,0
ADSK,Autodesk Inc,"One Market Street
Suite 400
San Francisco, CA 94105
United States",Technology,Software - Application,,"Autodesk, Inc. provides 3D design, engineering, and entertainment technology solutions worldwide. The company offers AutoCAD Civil 3D, a surveying, design, analysis, and documentation solution for civil engineering, including land development, transportation, and environmental projects; BuildingConnected, a SaaS preconstruction solution; AutoCAD, a software for professional design, drafting, detailing, and visualization; AutoCAD LT, a drafting and detailing software; computer-aided manufacturing (CAM) software for computer numeric control machining, inspection, and modelling for manufacturing; Fusion 360, a 3D CAD, CAM, and computer-aided engineering tool; and Industry Collections tools for professionals in architecture, engineering and construction, product design and manufacturing, and media and entertainment collection industries. It also provides Inventor tools for 3D mechanical design, simulation, analysis, tooling, visualization, and documentation; Vault, a data management software to manage data in one central location, accelerate design processes, and streamline internal/external collaboration; Maya and 3ds Max software products that offer 3D modeling, animation, effects, rendering, and compositing solutions; and ShotGrid, a cloud-based software for review and production tracking in the media and entertainment industry. It sells its products and services to customers directly, as well as through a network of resellers and distributors. Autodesk, Inc. was incorporated in 1982 and is headquartered in San Francisco, California.",16.8,3.7,4.9,8.2,None Controversy Level,2.0,,Low,5.599999999999999,5.429999999999998,,0
ATO,Atmos Energy Corporation,"1800 Three Lincoln Centre
5430 LBJ Freeway
Dallas, TX 75240
United States",Utilities,Utilities - Regulated Gas,5019.0,"Atmos Energy Corporation, together with its subsidiaries, engages in the regulated natural gas distribution, and pipeline and storage businesses in the United States. It operates through two segments, Distribution, and Pipeline and Storage. The Distribution segment is involved in the regulated natural gas distribution and related sales operations in eight states. This segment distributes natural gas to approximately 3.3 million residential, commercial, public authority, and industrial customers; and owned 73,689 miles of underground distribution and transmission mains. The Pipeline and Storage segment engages in the pipeline and storage operations. This segment transports natural gas for third parties and manages five underground storage facilities in Texas; provides ancillary services customary to the pipeline industry, including parking arrangements, lending, and inventory sales; and owned 5,645 miles of gas transmission lines. Atmos Energy Corporation was founded in 1906 and is headquartered in Dallas, Texas.",34.6,14.8,6.4,13.4,Moderate Controversy Level,2.0,,High,11.533333333333333,20.253333333333334,Large,0
AIZ,"Assurant, Inc.","260 Interstate North Circle SE
Atlanta, GA 30339-2210
United States",Financial Services,Insurance - Specialty,13600.0,"Assurant, Inc., together with its subsidiaries, provides business services that supports, protects, and connects consumer purchases in North America, Latin America, Europe, and the Asia Pacific. The company operates through two segments: Global Lifestyle and Global Housing. The Global Lifestyle segment offers mobile device solutions, and extended service contracts and related services for consumer electronics and appliances, and credit and other insurance products; and vehicle protection, commercial equipment, and other related services. The Global Housing segment provides lender-placed homeowners, manufactured housing, and flood insurance; renters insurance and related products; and voluntary manufactured housing, and condominium and homeowners insurance products. The company was formerly known as Fortis, Inc. and changed its name to Assurant, Inc. in February 2004. Assurant, Inc. was founded in 1892 and is headquartered in Atlanta, Georgia.",24.1,1.6,11.7,10.8,Moderate Controversy Level,2.0,,Medium,8.033333333333333,31.243333333333332,Enterprise,0
AJG,Arthur J. Gallagher & Co.,"2850 Golf Road
Rolling Meadows, IL 60008-4050
United States",Financial Services,Insurance Brokers,49821.0,"Arthur J. Gallagher & Co., together with its subsidiaries, provides insurance and reinsurance brokerage, consulting, and third-party property/casualty claims settlement and administration services to entities and individuals worldwide. It operates in Brokerage and Risk Management segments. The Brokerage segment offers retail and wholesale insurance and reinsurance brokerage services; assists retail brokers and other non-affiliated brokers in the placement of specialized and hard-to-place insurance; and acts as a brokerage wholesaler, managing general agent, and managing general underwriter for distributing specialized insurance coverages to underwriting enterprises. This segment performs activities, including marketing, underwriting, issuing policies, collecting premiums, appointing and supervising other agents, paying claims, and negotiating reinsurance; and offers services in the areas of insurance and reinsurance placement, risk of loss management, and management of employer sponsored benefit programs. The Risk Management segment provides contract claim settlement and administration services; and claims management, loss control consulting, and insurance property appraisal services. The company offers its services through a network of correspondent brokers and consultants. It serves commercial, industrial, public, religious, and nonprofit entities, as well as underwriting enterprises. Arthur J. Gallagher & Co. was founded in 1927 and is headquartered in Rolling Meadows, Illinois.",21.2,0.1,10.1,10.9,Moderate Controversy Level,2.0,,Medium,7.033333333333334,36.21333333333334,Enterprise,0
ACGL,Arch Capital Group Ltd,"Waterloo House
Ground Floor 100 Pitts Bay Road
Pembroke, HM 08
Bermuda",Financial Services,Insurance - Diversified,6400.0,"Arch Capital Group Ltd., together with its subsidiaries, provides insurance, reinsurance, and mortgage insurance products worldwide. The company's Insurance segment offers primary and excess casualty coverages; loss sensitive primary casualty insurance programs; directors' and officers' liability, errors and omissions liability, employment practices and fiduciary liability, crime, professional indemnity, and other financial related coverages; medical professional and general liability insurance coverages; and workers' compensation and umbrella liability, as well as commercial automobile and inland marine products. It also provides property, energy, marine, and aviation insurance; travel insurance; accident, disability, and medical plan insurance coverages; captive insurance programs; employer's liability; contract and commercial surety coverages; and collateral protection, debt cancellation, and service contract reimbursement products. This segment markets its products through a group of licensed independent retail and wholesale brokers. Its Reinsurance segment provides casualty reinsurance for third party liability exposures; marine and aviation; motor reinsurance, whole account multi-line treaties, cyber, trade credit, surety, accident and health, workers' compensation catastrophe, agriculture, trade credit, and political risk products; reinsurance protection for catastrophic losses, and personal lines and commercial property exposures; life reinsurance; casualty clash; and risk management solutions. This segment markets its reinsurance products through brokers. The company's Mortgage segment offers direct mortgage insurance and mortgage reinsurance. The company was founded in 1995 and is based in Pembroke, Bermuda.",22.5,1.5,10.9,10.1,Moderate Controversy Level,2.0,,Medium,7.5,27.16,Large,0
APA,Apa Corporation,"One Post Oak Central
Suite 100 2000 Post Oak Boulevard
Houston, TX 77056-4400
United States",Energy,Oil & Gas E&P,2271.0,"APA Corporation, an independent energy company, explores for, develops, and produces natural gas, crude oil, and natural gas liquids. It has oil and gas operations in the United States, Egypt, and North Sea. The company also has exploration and appraisal activities in Suriname, as well as holds interests in projects located in Uruguay and internationally. APA Corporation was incorporated in 1954 and is headquartered in Houston, Texas.",38.8,22.0,8.0,8.9,Moderate Controversy Level,2.0,,High,12.966666666666667,61.403333333333336,Large,0
AON,Aon Plc Class A,"Metropolitan Building
James Joyce Street
Dublin, D01 K0Y8
Ireland",Financial Services,Insurance Brokers,50000.0,"Aon plc, a professional services firm, provides a range of risk and human capital solutions worldwide. It offers commercial risk solutions, including retail brokerage, specialty solutions, global risk consulting and captives management, and affinity programs; and health solutions, such as health and benefits brokerages, and health care exchanges. The company also provides treaty and facultative reinsurance, as well as insurance-linked securities, capital raising, strategic advice, restructuring, and mergers and acquisitions services; and corporate finance advisory services. In addition, it offers strategic design consulting services on their retirement programs, actuarial services, and risk management services; and advice services on developing and maintaining investment programs across various plan types, including defined benefit plans, defined contribution plans, endowments, and foundations for public and private companies, and other institutions. Aon plc was founded in 1919 and is headquartered in Dublin, Ireland.",21.05,4.05,6.1,8.9,Unknown,2.0,,Unknown,6.349999999999999,5.927500000000002,Enterprise,0
ANSS,Ansys Inc,"Southpointe 2600 ANSYS Drive
Canonsburg, PA 15317
United States",Technology,Software - Application,6200.0,"ANSYS, Inc. develops and markets engineering simulation software and services for engineers, designers, researchers, and students in the United States, Japan, Germany, China, Hong Kong, South Korea, rest of Europe, the Middle East, Africa, and internationally. It offers structural analysis product suite that provides simulation tools for product design and optimization; the Ansys Mechanical product, an element analysis software; LS-DYNA solver for multiphysics simulation; and power analysis and optimization software suite. The company also offers electronics product suite that provides electromagnetic field simulation software for designing electronic and electromechanical products; Ansys High Frequency Structure Simulator product for radio frequency and microwave design; SCADE product suite, a solution for embedded software simulation, code production, and automated certification; fluids product suite that enables modeling of fluid flow and other related physical phenomena; Ansys Fluent computational fluid dynamics software package; Ansys RedHawk-SC for electronic design automation; Ansys Optics software; and mission-simulation, modeling, testing, and analysis software. In addition, it offers Ansys Granta MI system for materials information management; Ansys Granta Selector technology for materials selection and graphical analysis; CES EduPack product, a set of teaching resources; Granta Materials Data for Simulation; Ansys Lumerical product, a photonics simulation software solution; safety-certified embedded software solutions; Discovery product family for use in the simulation of product design; academic product suite for research and teaching settings. ANSYS, Inc. was founded in 1970 and is headquartered in Canonsburg, Pennsylvania.",15.9,3.5,5.1,7.3,None Controversy Level,2.0,,Low,5.3,3.6399999999999997,Large,0
APH,Amphenol Corporation,"358 Hall Avenue
PO Box 5030
Wallingford, CT 06492
United States",Technology,Electronic Components,95000.0,"Amphenol Corporation, together with its subsidiaries, primarily designs, manufactures, and markets electrical, electronic, and fiber optic connectors in the United States, China, and internationally. It operates through three segments: Harsh Environment Solutions, Communications Solutions, and Interconnect and Sensor Systems. The company offers connectors and connector systems, including harsh environment data, power, high-speed, fiber optic, and radio frequency interconnect products; busbars and power distribution systems; and other connectors. It also provides value-add products, such as backplane interconnect systems, cable assemblies and harnesses, and cable management products; other products comprising flexible and rigid printed circuit boards, hinges, other mechanical, and production related products. In addition, the company offers consumer device, network infrastructure, and other antennas; coaxial, power, and specialty cables; and sensors and sensor-based products. It sells its products through its sales force, independent representatives, and a network of electronics distributors to original equipment manufacturers, electronic manufacturing services companies, original design manufacturers, and service providers in the automotive, broadband communication, commercial aerospace, industrial, information technology and data communication, military, mobile device, and mobile network markets. Amphenol Corporation was founded in 1932 and is headquartered in Wallingford, Connecticut.",19.6,7.3,7.6,4.6,Moderate Controversy Level,2.0,,Low,6.5,2.73,Enterprise,0
AMP,"Ameriprise Financial, Inc.","1099 Ameriprise Financial Center
Minneapolis, MN 55474
United States",Financial Services,Asset Management,13800.0,"Ameriprise Financial, Inc., together with its subsidiaries, provides various financial products and services to individual and institutional clients in the United States and internationally. It operates through four segments: Advice & Wealth Management, Asset Management, Retirement & Protection Solutions, and Corporate & Other. The Advice & Wealth Management segment provides financial planning and advice; brokerage products and services for retail and institutional clients; discretionary and non-discretionary investment advisory accounts; mutual funds; insurance and annuities products; cash management and banking products; and face-amount certificates. The Asset Management segment offers investment management, advice, and products to retail, high net worth, and institutional clients through third-party financial institutions, advisor networks, direct retail, and its institutional sales force under the Columbia Threadneedle Investments brand name. This segment products include U.S. mutual funds and their non-U.S. equivalents, exchange-traded funds, variable product funds underlying insurance, and annuity separate accounts; and institutional asset management products, such as traditional asset classes, separately managed accounts, individually managed accounts, collateralized loan obligations, hedge funds, collective funds, and property and infrastructure funds. The Retirement & Protection Solutions segment provides variable annuity products, as well as life and disability income insurance products to retail clients. The company was formerly known as American Express Financial Corporation and changed its name to Ameriprise Financial, Inc. in September 2005. Ameriprise Financial, Inc. was founded in 1894 and is headquartered in Minneapolis, Minnesota.",20.3,2.1,10.3,7.8,Moderate Controversy Level,2.0,,Medium,6.733333333333334,17.663333333333338,Enterprise,0
AIG,"American International Group, Inc.","1271 Avenue of the Americas
New York, NY 10020
United States",Financial Services,Insurance - Diversified,25000.0,"American International Group, Inc. offers insurance products for commercial, institutional, and individual customers in North America and internationally. It operates through three segments: General Insurance, Life and Retirement, and Other Operations. The General Insurance segment provides commercial and industrial property insurance, including business interruption and package insurance that cover exposure to made and natural disasters; general liability, environmental, commercial automobile liability, workers' compensation, excess casualty, and crisis management insurance products; and professional liability insurance. This segment offers marine, energy-related property insurance, aviation, political risk, trade credit, trade finance, and portfolio solutions, as well as operates reinsurance business; voluntary and sponsor-paid personal accident, and supplemental health products; and personal auto and personal property insurance. Its Life and Retirement segment offers individual retirement products, including variable, fixed index, and fixed annuities, as well as retail mutual funds; group retirement products comprising record-keeping, plan administrative and compliance services, financial planning, and advisory solutions; life insurance, including term and universal life insurance; and institutional markets products, which includes wrap products, structured settlement, pension risk transfer annuities, corporate and bank-owned life insurance, high net worth, and guaranteed investment contract products. It distributes its products through a network of brokers, agents, advisors, banks, and other distributors. The company was founded in 1919 and is headquartered in New York, New York.",24.2,1.6,12.9,9.7,Moderate Controversy Level,2.0,,Medium,8.066666666666666,33.92333333333334,Enterprise,0
AXP,American Express Company,"200 Vesey Street
New York, NY 10285
United States",Financial Services,Credit Services,74600.0,"American Express Company, together with its subsidiaries, operates as integrated payments company in the United States, Europe, the Middle East and Africa, the Asia Pacific, Australia, New Zealand, Latin America, Canada, the Caribbean, and Internationally. It operates through four segments: U.S. Consumer Services, Commercial Services, International Card Services, and Global Merchant and Network Services. The company's products and services include credit card, charge card, banking, and other payment and financing products; network services; expense management products and services; and travel and lifestyle services. It also provides merchant acquisition and processing, servicing and settlement, point-of-sale marketing, and information products and services for merchants; and fraud prevention services, as well as the design and operation of customer loyalty programs. In addition, the company operates lounges at airports under Centurion Lounge brand name. It sells its products and services to consumers, small businesses, mid-sized companies, and large corporations through mobile and online applications, affiliate marketing, customer referral programs, third-party service providers and business partners, direct mail, telephone, in-house sales teams, and direct response advertising. American Express Company was founded in 1850 and is headquartered in New York, New York.",18.6,0.1,9.7,8.9,Moderate Controversy Level,2.0,,Low,6.233333333333333,28.373333333333335,Enterprise,0
AEP,"American Electric Power Company, Inc.","1 Riverside Plaza
Columbus, OH 43215-2373
United States",Utilities,Utilities - Regulated Electric,16800.0,"American Electric Power Company, Inc., an electric public utility holding company, engages in the generation, transmission, and distribution of electricity for sale to retail and wholesale customers in the United States. It operates through Vertically Integrated Utilities, Transmission and Distribution Utilities, AEP Transmission Holdco, and Generation & Marketing segments. The company generates electricity using coal and lignite, natural gas, renewable, nuclear, hydro, solar, wind, and other energy sources. It also supplies and markets electric power at wholesale to other electric utility companies, rural electric cooperatives, municipalities, and other market participants. American Electric Power Company, Inc. was incorporated in 1906 and is headquartered in Columbus, Ohio.",26.1,12.7,5.4,8.1,Moderate Controversy Level,2.0,,Medium,8.733333333333333,13.62333333333333,Enterprise,0
AAL,American Airlines Group Inc.,"1 Skyview Drive
Fort Worth, TX 76155
United States",Industrials,Airlines,132800.0,"American Airlines Group Inc., through its subsidiaries, operates as a network air carrier. The company provides scheduled air transportation services for passengers and cargo through its hubs in Charlotte, Chicago, Dallas/Fort Worth, Los Angeles, Miami, New York, Philadelphia, Phoenix, and Washington, D.C., as well as through partner gateways in London, Doha, Madrid, Seattle/Tacoma, Sydney, and Tokyo. It operates a mainline fleet of 965 aircraft. The company was formerly known as AMR Corporation and changed its name to American Airlines Group Inc. in December 2013. American Airlines Group Inc. was founded in 1926 and is headquartered in Fort Worth, Texas.",26.4,9.9,4.8,11.6,Moderate Controversy Level,2.0,,Medium,8.766666666666667,12.523333333333333,Enterprise,0
AEE,Ameren Corporation,"1901 Chouteau Avenue
Saint Louis, MO 63103
United States",Utilities,Utilities - Regulated Electric,9372.0,"Ameren Corporation, together with its subsidiaries, operates as a public utility holding company in the United States. The company operates through four segments: Ameren Missouri, Ameren Illinois Electric Distribution, Ameren Illinois Natural Gas, and Ameren Transmission. It engages in the rate-regulated electric generation, transmission, and distribution activities; and rate-regulated natural gas distribution business. In addition, the company generates electricity through coal, nuclear, and natural gas, as well as renewable sources, such as hydroelectric, wind, methane gas, and solar. It serves residential, commercial, and industrial customers. The company was founded in 1881 and is headquartered in Saint Louis, Missouri.",27.2,12.9,5.3,9.1,Moderate Controversy Level,2.0,,Medium,9.1,14.440000000000001,Large,0
AMCR,Amcor Plcs,"Thurgauerstrasse 34
Zurich, 8050
Switzerland",Consumer Cyclical,Packaging & Containers,41000.0,"Amcor plc develops, produces, and sells packaging products in Europe, North America, Latin America, Africa, and the Asia Pacific regions. The company operates through two segments, Flexibles and Rigid Packaging. The Flexibles segment provides flexible and film packaging products in the food and beverage, medical and pharmaceutical, fresh produce, snack food, personal care, and other industries. The Rigid Packaging segment offers rigid containers for various beverage and food products, including carbonated soft drinks, water, juices, sports drinks, milk-based beverages, spirits and beer, sauces, dressings, spreads, and personal care items; and plastic caps for various applications. The company sells its products through its direct sales force. Amcor plc was incorporated in 2018 and is headquartered in Zurich, Switzerland.",21.05,4.05,6.1,8.9,Unknown,2.0,,Unknown,6.349999999999999,5.927500000000002,Enterprise,0
GOOG,Alphabet Inc. Class C,"1600 Amphitheatre Parkway
Mountain View, CA 94043
United States",Communication Services,Internet Content & Information,180895.0,"Alphabet Inc. offers various products and platforms in the United States, Europe, the Middle East, Africa, the Asia-Pacific, Canada, and Latin America. It operates through Google Services, Google Cloud, and Other Bets segments. The Google Services segment provides products and services, including ads, Android, Chrome, devices, Gmail, Google Drive, Google Maps, Google Photos, Google Play, Search, and YouTube. It is also involved in the sale of apps and in-app purchases and digital content in the Google Play and YouTube; and devices, as well as in the provision of YouTube consumer subscription services. The Google Cloud segment offers infrastructure, cybersecurity, databases, analytics, AI, and other services; Google Workspace that include cloud-based communication and collaboration tools for enterprises, such as Gmail, Docs, Drive, Calendar, and Meet; and other services for enterprise customers. The Other Bets segment sells healthcare-related and internet services. The company was incorporated in 1998 and is headquartered in Mountain View, California.",21.05,4.05,6.1,8.9,Unknown,2.0,,Unknown,6.349999999999999,5.927500000000002,Enterprise,0
LNT,Alliant Energy Corporation,"4902 North Biltmore Lane
Madison, WI 53718-2148
United States",Utilities,Utilities - Regulated Electric,3281.0,"Alliant Energy Corporation operates as a utility holding company that provides regulated electricity and natural gas services in the United States. It operates in three segments: Utility Electric Operations, Utility Gas Operations, and Utility Other. The company, through its subsidiary, Interstate Power and Light Company (IPL), primarily generates and distributes electricity, and distributes and transports natural gas to retail customers in Iowa; sells electricity to wholesale customers in Minnesota, Illinois, and Iowa; and generates and distributes steam in Cedar Rapids, Iowa. Alliant Energy Corporation, through its other subsidiary, Wisconsin Power and Light Company (WPL), generates and distributes electricity, and distributes and transports natural gas to retail customers in Wisconsin; and sells electricity to wholesale customers in Wisconsin. It serves retail customers in the farming, agriculture, industrial manufacturing, chemical, packaging, and food industries, as well as wholesale customers comprising municipalities and rural electric cooperatives. In addition, the company owns and operates a short-line rail freight service in Iowa; a Mississippi River barge, rail, and truck freight terminal in Illinois; freight brokerage services; wind turbine blade recycling services; and a rail-served warehouse in Iowa. Further, it holds interests in a natural gas-fired electric generating unit near Sheboygan Falls, Wisconsin; and a wind farm located in Oklahoma. The company was formerly known as Interstate Energy Corp. and changed its name to Alliant Energy Corporation in May 1999. Alliant Energy Corporation was incorporated in 1981 and is headquartered in Madison, Wisconsin.",21.4,8.5,6.3,6.6,None Controversy Level,2.0,,Medium,7.133333333333333,1.4233333333333338,Large,0
ALLE,Allegion Public Limited Company,"Iveagh Court
Block D Harcourt Road
Dublin, D02 VH94
Ireland",Industrials,Security & Protection Services,12200.0,"Allegion plc manufactures and sells mechanical and electronic security products and solutions worldwide. The company offers door controls and systems and exit devices; locks, locksets, portable locks, and key systems and services; electronic security products and access control systems; time, attendance, and workforce productivity systems; doors, accessories, and other. It also provides services and software, which includes inspection, maintenance, and repair services for its automatic entrance solutions; and software as a service, including access control, IoT integration, and workforce management solutions, as well as aftermarket services, design and installation offerings, and locksmith services. The company sells its products and solutions to end-users in commercial, institutional, and residential facilities, including education, healthcare, government, hospitality, retail, commercial office, and single and multi-family residential markets under the CISA, Interflex, LCN, Schlage, SimonsVoss, and Von Duprin brands. It sells its products and solutions through distribution and retail channels, such as specialty distribution, e-commerce, and wholesalers, as well as through various retail channels comprising do-it-yourself home improvement centers, online and e-commerce platforms, and small specialty showroom outlets. Allegion plc was incorporated in 2013 and is headquartered in Dublin, Ireland.",21.8,10.9,5.0,5.8,None Controversy Level,2.0,,Medium,7.233333333333333,10.243333333333336,Enterprise,0
ALGN,Align Technology Inc,"410 North Scottsdale Road
Suite 1300
Tempe, AZ 85288
United States",Healthcare,Medical Devices,21670.0,"Align Technology, Inc. designs, manufactures, and markets Invisalign clear aligners, and iTero intraoral scanners and services for orthodontists and general practitioner dentists in the United States, Switzerland, and internationally. The company's Clear Aligner segment offers comprehensive products, including Invisalign comprehensive package that addresses the orthodontic needs of younger patients, such as mandibular advancement, compliance indicators, and compensation for tooth eruption; and Invisalign First Phase I and Invisalign First Comprehensive Phase 2 package for younger patients generally between the ages of six and ten years, which is a mixture of primary/baby and permanent teeth. The segment also provides Invisalign moderate, lite and express packages, and Invisalign go and Invisalign Go Plus; retention products, Invisalign training, and adjusting tools used by dental professionals during the course of treatment; and Invisalign Palatal Expander, a 3D printed orthodontic device; and 3D printing solutions. Its Imaging Systems and CAD/CAM Services segment offers iTero intraoral scanning system, a single hardware platform for restorative or orthodontic procedures; restorative software for general practitioner dentists, prosthodontists, periodontists, and oral surgeons; and orthodontists software for digital records storage, orthodontic diagnosis, and fabrication of printed models and retainers. This segment also provides Invisalign outcome simulator, a chair-side and cloud-based application for the iTero scanner; Invisalign progress assessment tool; Align Oral Health Suite, a digital interface designed to enhance dental consultations; and TimeLapse technology, which allows doctors or practitioners to compare a patient's historic 3D scans to the present-day scan, as well as subscription software, disposables, rentals, leases, pay per scan, and CAD/CAM software solutions. The company was incorporated in 1997 and is headquartered in Tempe, Arizona.",21.05,4.05,6.1,8.9,Unknown,2.0,,Unknown,6.349999999999999,5.927500000000002,Enterprise,0
ARE,"Alexandria Real Estate Equities, Inc.","26 North Euclid Avenue
Pasadena, CA 91101-6104
United States",Real Estate,Reit - Office,568.0,"Alexandria Real Estate Equities, Inc. (NYSE: ARE), an S&P 500 company, is a best-in-class, mission-driven life science REIT making a positive and lasting impact on the world. As the pioneer of the life science real estate niche since our founding in 1994, Alexandria is the preeminent and longest-tenured owner, operator, and developer of collaborative life science, agtech, and advanced technology mega campuses in AAA innovation cluster locations, including Greater Boston, the San Francisco Bay Area, New York City, San Diego, Seattle, Maryland, and Research Triangle. Alexandria has a total market capitalization of $33.1 billion and an asset base in North America of 73.5 million SF as of December 31, 2023, which includes 42.0 million RSF of operating properties, 5.5 million RSF of Class A/A+ properties undergoing construction and one near-term project expected to commence construction in the next two years, 2.1 million RSF of priority anticipated development and redevelopment projects, and 23.9 million SF of future development projects. Alexandria has a longstanding and proven track record of developing Class A/A+ properties clustered in life science, agtech, and advanced technology mega campuses that provide our innovative tenants with highly dynamic and collaborative environments that enhance their ability to successfully recruit and retain world-class talent and inspire productivity, efficiency, creativity, and success. Alexandria also provides strategic capital to transformative life science, agrifoodtech, climate innovation, and technology companies through our venture capital platform. We believe our unique business model and diligent underwriting ensure a high-quality and diverse tenant base that results in higher occupancy levels, longer lease terms, higher rental income, higher returns, and greater long-term asset value.",13.9,3.9,6.3,3.7,None Controversy Level,2.0,,Low,4.633333333333333,2.093333333333333,Medium,0
ALB,Albemarle Corporation,"4250 Congress Street
Suite 900
Charlotte, NC 28209
United States",Basic Materials,Specialty Chemicals,9000.0,"Albemarle Corporation develops, manufactures, and markets engineered specialty chemicals worldwide. It operates through three segments: Energy Storage, Specialties and Ketjen. The Energy Storage segment offers lithium compounds, including lithium carbonate, lithium hydroxide, and lithium chloride; technical services for the handling and use of reactive lithium products; and lithium-containing by-products recycling services. The Specialties segment provides bromine-based specialty chemicals, including elemental bromine, alkyl and inorganic bromides, brominated powdered activated carbon, and other bromine fine chemicals; lithium specialties, such as butyllithium and lithium aluminum hydride; develops and manufactures cesium products for the chemical and pharmaceutical industries; and zirconium, barium, and titanium products for pyrotechnical applications that include airbag initiators. The Ketjen segment offers clean fuels technologies (CFT), which is composed of hydroprocessing catalysts (HPC) together with isomerization and akylation catalysts; fluidized catalytic cracking (FCC) catalysts and additives; and performance catalyst solutions (PCS), which is composed of organometallics and curatives. The company serves the energy storage, petroleum refining, consumer electronics, construction, automotive, lubricants, pharmaceuticals, and crop protection markets. Albemarle Corporation was founded in 1887 and is headquartered in Charlotte, North Carolina.",26.6,15.4,6.3,4.8,Moderate Controversy Level,2.0,,Medium,8.833333333333334,32.903333333333336,Large,0
ABNB,"Airbnb, Inc. Class A","888 Brannan Street
San Francisco, CA 94103
United States",Consumer Cyclical,Travel Services,6907.0,"Airbnb, Inc., together with its subsidiaries, operates a platform that enables hosts to offer stays and experiences to guests worldwide. The company's marketplace connects hosts and guests online or through mobile devices to book spaces and experiences. It primarily offers private rooms, primary homes, and vacation homes. The company was formerly known as AirBed & Breakfast, Inc. and changed its name to Airbnb, Inc. in November 2010. Airbnb, Inc. was founded in 2007 and is headquartered in San Francisco, California.",21.05,4.05,6.1,8.9,Unknown,2.0,,Unknown,6.349999999999999,5.927500000000002,Large,0
A,Agilent Technologies Inc.,"5301 Stevens Creek Boulevard
Santa Clara, CA 95051
United States",Healthcare,Diagnostics & Research,18000.0,"Agilent Technologies, Inc. provides application focused solutions to the life sciences, diagnostics, and applied chemical markets worldwide. The company operates in three segments: Life Sciences and Applied Markets, Diagnostics and Genomics, and Agilent CrossLab. The Life Sciences and Applied Markets segment offers liquid chromatography systems and components; liquid chromatography mass spectrometry systems; gas chromatography systems and components; gas chromatography mass spectrometry systems; inductively coupled plasma mass spectrometry instruments; atomic absorption instruments; microwave plasma-atomic emission spectrometry instruments; inductively coupled plasma optical emission spectrometry instruments; raman spectroscopy; cell analysis plate based assays; flow cytometer; real-time cell analyzer; cell imaging systems; microplate reader; laboratory software; information management and analytics; laboratory automation and robotic systems; dissolution testing; and vacuum pumps, and measurement technologies. The Diagnostics and Genomics segment focuses on genomics, nucleic acid contract manufacturing and research and development, pathology, companion diagnostics, reagent partnership, and biomolecular analysis businesses. The Agilent CrossLab segment provides GC and LC columns, sample preparation products, custom chemistries, and laboratory instrument supplies; and offers services portfolio, including repairs, parts, maintenance, installations, training, compliance support, software as a service, asset management, and consulting services. The company markets its products through direct sales, distributors, resellers, manufacturer's representatives, and electronic commerce. Agilent Technologies, Inc. was incorporated in 1999 and is headquartered in Santa Clara, California.",13.6,1.1,6.1,6.4,Moderate Controversy Level,2.0,,Low,4.533333333333333,8.863333333333333,Enterprise,0
AES,Aes Corporation,"4300 Wilson Boulevard
11th Floor
Arlington, VA 22203
United States",Utilities,Utilities - Diversified,9600.0,"The AES Corporation, together with its subsidiaries, operates as a diversified power generation and utility company in the United States and internationally. The company owns and/or operates power plants to generate and sell power to customers, such as utilities, industrial users, and other intermediaries; owns and/or operates utilities to generate or purchase, distribute, transmit, and sell electricity to end-user customers in the residential, commercial, industrial, and governmental sectors; and generates and sells electricity on the wholesale market. It uses various fuels and technologies to generate electricity, such as coal, gas, hydro, wind, solar, and biomass, as well as renewables comprising energy storage and landfill gas. The company owns and/or operates a generation portfolio of approximately 34,596 megawatts and distributes power to 2.6 million customers. The company was formerly known as Applied Energy Services, Inc. and changed its name to The AES Corporation in April 2000. The AES Corporation was incorporated in 1981 and is headquartered in Arlington, Virginia.",26.7,13.3,5.3,8.2,Moderate Controversy Level,2.0,,Medium,8.933333333333334,16.403333333333336,Large,0
AMD,Advanced Micro Devices,"2485 Augustine Drive
Santa Clara, CA 95054
United States",Technology,Semiconductors,26000.0,"Advanced Micro Devices, Inc. operates as a semiconductor company worldwide. It operates through Data Center, Client, Gaming, and Embedded segments. The company offers x86 microprocessors and graphics processing units (GPUs) as an accelerated processing unit, chipsets, data center, and professional GPUs; and embedded processors, and semi-custom system-on-chip (SoC) products, microprocessor and SoC development services and technology, data processing unites, field programmable gate arrays (FPGA), and adaptive SoC products. It provides processors under the AMD Ryzen, AMD Ryzen PRO, Ryzen Threadripper, Ryzen Threadripper PRO, AMD Athlon, AMD Athlon PRO, and AMD PRO A-Series brand names; graphics under the AMD Radeon graphics and AMD Embedded Radeon graphics; and professional graphics under the AMD Radeon Pro graphics brand name. In addition, the company offers data center graphics under the Radeon Instinct and Radeon PRO V-series brands, as well as servers under the AMD Instinct accelerators brand; server microprocessors under the AMD EPYC brands; low power solutions under the AMD Athlon, AMD Geode, AMD Ryzen, AMD EPYC, AMD R-Series, and G-Series brands; FPGA products under the Virtex-6, Virtex-7, Virtex UltraScale+, Kintex-7, Kintex UltraScale, Kintex UltraScale+, Artix-7, Artix UltraScale+, Spartan-6, and Spartan-7 brands; adaptive SOCs under the Zynq-7000, Zynq UltraScale+ MPSoC, Zynq UltraScale+ RFSoCs, Versal HBM, Versal Premium, Versal Prime, Versal AI Core, Versal AI Edge, Vitis, and Vivado brands; and compute and network acceleration board products under the Alveo brand. It serves original equipment and design manufacturers, public cloud service providers, system integrators, independent distributors, and add-in-board manufacturers through its direct sales force, and sales representatives. Advanced Micro Devices, Inc. was incorporated in 1969 and is headquartered in Santa Clara, California.",21.05,4.05,6.1,8.9,Unknown,2.0,,Unknown,6.349999999999999,5.927500000000002,Enterprise,0
ADBE,Adobe Inc.,"345 Park Avenue
San Jose, CA 95110-2704
United States",Technology,Software - Infrastructure,29945.0,"Adobe Inc., together with its subsidiaries, operates as a diversified software company worldwide. It operates through three segments: Digital Media, Digital Experience, and Publishing and Advertising. The Digital Media segment offers products, services, and solutions that enable individuals, teams, and enterprises to create, publish, and promote content; and Document Cloud, a unified cloud-based document services platform. Its flagship product is Creative Cloud, a subscription service that allows members to access its creative products. This segment serves content creators, students, workers, marketers, educators, enthusiasts, and communicators. The Digital Experience segment provides an integrated platform and set of applications and services that enable brands and businesses to create, manage, execute, measure, monetize, and optimize customer experiences from analytics to commerce. This segment serves marketers, advertisers, agencies, publishers, merchandisers, merchants, web analysts, data scientists, developers, and executives across the C-suite. The Publishing and Advertising segment offers products and services, such as e-learning solutions, technical document publishing, web conferencing, document and forms platform, web application development, and high-end printing, as well as Advertising Cloud offerings. It also provides consulting, technical support, and learning services. The company offers its products and services directly to enterprise customers through its sales force and local field offices, as well as to end users through app stores and through its website at adobe.com. It also distributes products and services through distributors, value-added resellers, systems integrators, software vendors and developers, retailers, and original equipment manufacturers. The company was formerly known as Adobe Systems Incorporated and changed its name to Adobe Inc. in October 2018. Adobe Inc. was founded in 1982 and is headquartered in San Jose, California.",13.1,1.9,5.2,6.0,Moderate Controversy Level,2.0,,Low,4.366666666666667,4.723333333333334,Enterprise,0
ACN,Accenture Plc,"1 Grand Canal Square
Grand Canal Harbour
Dublin, D02 P820
Ireland",Technology,Information Technology Services,742000.0,"Accenture plc, a professional services company, provides strategy and consulting, industry X, song, and technology and operation services worldwide. The company offers application services, including agile transformation, DevOps, application modernization, enterprise architecture, software and quality engineering, data management; intelligent automation comprising robotic process automation, natural language processing, and virtual agents; and application management services, as well as software engineering services; strategy and consulting services; data and analytics strategy, data discovery and augmentation, data management and beyond, data democratization, and industrialized solutions comprising turnkey analytics and artificial intelligence (AI) solutions; metaverse; and sustainability services. It also provides change management, HR transformation and delivery, organization strategy and design, talent strategy and development, and leadership and culture services; digital commerce; infrastructure services, including cloud infrastructure managed, cloud and data center, network, digital workplace, database platforms, service management, and cloud and infrastructure security services; data-enabled operating models; technology consulting and AI services; and technology consulting services. In addition, the company offers engineering and R&D digitization, smart connected products, product as-a-service enablement, capital projects, intelligent asset management, digital industrial workforce, and autonomous robotic systems; business process outsourcing; and services related to technology innovation. Further, it provides cloud, ecosystem, marketing, security, supply chain management, zero-based transformation, customer experience, finance consulting, mergers and acquisitions, and sustainability services. The company has a collaboration with Salesforce, Inc. to develop Salesforce Life Sciences Cloud. The company was founded in 1951 and is based in Dublin, Ireland.",9.8,0.8,4.4,4.6,Moderate Controversy Level,2.0,,Low,3.266666666666667,4.573333333333332,Enterprise,0
